Syscall,Frequency,Parameters,Value Frequency
epoll_pwait,128,"29, [{EPOLLIN, {u32=25, u64=25}}], 16, -1, NULL, 8",1
epoll_pwait,128,"29, [{EPOLLIN, {u32=53, u64=53}}], 16, 0, NULL, 8",4
epoll_pwait,128,"29, [], 16, 0, NULL, 8",54
epoll_pwait,128,"29, [{EPOLLIN, {u32=53, u64=53}}, {EPOLLIN, {u32=59, u64=59}}], 16, 0, NULL, 8",2
epoll_pwait,128,"29, [{EPOLLIN, {u32=59, u64=59}}], 16, 0, NULL, 8",15
epoll_pwait,128,"29, [{EPOLLIN, {u32=60, u64=60}}, {EPOLLIN, {u32=53, u64=53}}, {EPOLLIN, {u32=25, u64=25}}], 16, 0, NULL, 8",1
epoll_pwait,128,"29, [{EPOLLIN, {u32=60, u64=60}}], 16, 0, NULL, 8",2
epoll_pwait,128,"29, [{EPOLLIN, {u32=25, u64=25}}, {EPOLLIN, {u32=53, u64=53}}, {EPOLLIN, {u32=59, u64=59}}], 16, 0, NULL, 8",1
epoll_pwait,128,"29, [{EPOLLIN, {u32=64, u64=64}}], 16, 0, NULL, 8",2
epoll_pwait,128,"29, [{EPOLLIN, {u32=53, u64=53}}], 16, -1, NULL, 8",11
epoll_pwait,128,"29, [{EPOLLIN, {u32=25, u64=25}}], 16, 0, NULL, 8",13
epoll_pwait,128,"29, [{EPOLLIN, {u32=25, u64=25}}], 16, 867, NULL, 8",1
epoll_pwait,128,"29, [{EPOLLIN, {u32=25, u64=25}}], 16, 832, NULL, 8",1
epoll_pwait,128,"29, [{EPOLLIN, {u32=25, u64=25}}], 16, 463, NULL, 8",1
epoll_pwait,128,"29, [{EPOLLIN, {u32=25, u64=25}}], 16, 219, NULL, 8",1
epoll_pwait,128,"29, [{EPOLLIN, {u32=59, u64=59}}], 16, -1, NULL, 8",4
epoll_pwait,128,"29, [{EPOLLIN, {u32=64, u64=64}}, {EPOLLIN, {u32=25, u64=25}}], 16, 2500, NULL, 8",1
epoll_pwait,128,"29, [{EPOLLIN, {u32=64, u64=64}}, {EPOLLIN, {u32=25, u64=25}}], 16, 2499, NULL, 8",2
epoll_pwait,128,"29, [{EPOLLIN, {u32=53, u64=53}}, {EPOLLIN, {u32=64, u64=64}}, {EPOLLIN, {u32=25, u64=25}}], 16, 2500, NULL, 8",1
epoll_pwait,128,"29, [{EPOLLIN, {u32=64, u64=64}}, {EPOLLIN, {u32=25, u64=25}}], 16, 0, NULL, 8",1
epoll_pwait,128,"29, [{EPOLLIN, {u32=59, u64=59}}, {EPOLLIN, {u32=64, u64=64}}], 16, 0, NULL, 8",1
epoll_pwait,128,"29, [{EPOLLIN, {u32=53, u64=53}}], 16, 150, NULL, 8",1
epoll_pwait,128,"29, [{EPOLLIN, {u32=59, u64=59}}, {EPOLLIN, {u32=25, u64=25}}, {EPOLLIN, {u32=64, u64=64}}], 16, 0, NULL, 8",1
epoll_pwait,128,"29, [{EPOLLIN, {u32=53, u64=53}}], 16, 119, NULL, 8",1
epoll_pwait,128,"29, [], 16, 113, NULL, 8",1
epoll_pwait,128,"29, [{EPOLLIN, {u32=53, u64=53}}, {EPOLLIN, {u32=64, u64=64}}, {EPOLLIN, {u32=25, u64=25}}], 16, 0, NULL, 8",1
epoll_pwait,128,"29, [{EPOLLIN, {u32=53, u64=53}}, {EPOLLIN, {u32=25, u64=25}}], 16, 0, NULL, 8",2
epoll_pwait,128,"29, [{EPOLLIN, {u32=25, u64=25}}], 16, 4799, NULL, 8",1
read,30,"25, ""\1\0\0\0\0\0\0\0"", 8",18
read,30,"25, ""\2\0\0\0\0\0\0\0"", 8",12
fstatat64,24,"AT_FDCWD, ""/system/framework/framework-res.apk"", {st_mode=S_IFREG|0644, st_size=30218924, ...}, 0",10
fstatat64,24,"AT_FDCWD, ""/data/app/com.loblaw.pchealth-dQZBrdKGBH4P53NEAUQl9g==/base.apk"", {st_mode=S_IFREG|0644, st_size=92132190, ...}, 0",10
fstatat64,24,"AT_FDCWD, ""/data/user/0/com.loblaw.pchealth/shared_prefs/life.league.privacylock.v2_secure.xml"", {st_mode=S_IFREG|0660, st_size=1428, ...}, 0",4
ioctl,219,"8, BINDER_WRITE_READ, 0xfff52b38",4
ioctl,219,"8, BINDER_WRITE_READ, 0xfff52928",5
ioctl,219,"8, BINDER_WRITE_READ, 0xfff52a58",2
ioctl,219,"8, BINDER_WRITE_READ, 0xfff52048",2
ioctl,219,"48, ASHMEM_GET_SIZE, 0",1
ioctl,219,"48, ASHMEM_PIN, 0xfff52c00",1
ioctl,219,"8, BINDER_WRITE_READ, 0xfff52ad8",2
ioctl,219,"8, BINDER_WRITE_READ, 0xfff52578",2
ioctl,219,"8, BINDER_WRITE_READ, 0xfff51878",2
ioctl,219,"8, BINDER_WRITE_READ, 0xfff51b78",2
ioctl,219,"49, ASHMEM_SET_NAME, 0xfff50dd0",1
ioctl,219,"8, BINDER_WRITE_READ, 0xfff4fcd8",2
ioctl,219,"49, ASHMEM_SET_NAME, 0xfff50ea0",1
ioctl,219,"8, BINDER_WRITE_READ, 0xfff4fe08",2
ioctl,219,"8, BINDER_WRITE_READ, 0xfff52b18",2
ioctl,219,"8, BINDER_WRITE_READ, 0xfff4fde8",2
ioctl,219,"8, BINDER_WRITE_READ, 0xfff52c18",2
ioctl,219,"49, ASHMEM_SET_NAME, 0xfff4e710",1
ioctl,219,"49, ASHMEM_SET_NAME, 0xfff518d0",1
ioctl,219,"8, BINDER_WRITE_READ, 0xfff50028",2
ioctl,219,"8, BINDER_WRITE_READ, 0xfff51d18",2
ioctl,219,"8, BINDER_WRITE_READ, 0xfff525c8",2
ioctl,219,"8, BINDER_WRITE_READ, 0xfff4e638",2
ioctl,219,"49, ASHMEM_SET_NAME, 0xfff4d4d0",1
ioctl,219,"8, BINDER_WRITE_READ, 0xfff4c968",1
ioctl,219,"8, BINDER_WRITE_READ, 0xfff4ddd8",2
ioctl,219,"61, ASHMEM_SET_NAME, 0xfff4cc70",1
ioctl,219,"8, BINDER_WRITE_READ, 0xfff52a88",4
ioctl,219,"8, BINDER_WRITE_READ, 0xfff52af8",2
ioctl,219,"8, BINDER_WRITE_READ, 0xfff52a78",6
ioctl,219,"8, BINDER_WRITE_READ, 0xfff527a8",2
ioctl,219,"8, BINDER_WRITE_READ, 0xfff526a8",3
ioctl,219,"8, BINDER_WRITE_READ, 0xfff52728",2
ioctl,219,"8, BINDER_WRITE_READ, 0xfff52c08",2
ioctl,219,"8, BINDER_WRITE_READ, 0xfff52a48",3
ioctl,219,"8, BINDER_WRITE_READ, 0xfff520a8",3
ioctl,219,"8, BINDER_WRITE_READ, 0xfff51f28",1
ioctl,219,"8, BINDER_WRITE_READ, 0xfff52738",2
ioctl,219,"8, BINDER_WRITE_READ, 0xfff52a28",2
ioctl,219,"8, BINDER_WRITE_READ, 0xfff52858",2
ioctl,219,"8, BINDER_WRITE_READ, 0xfff529f8",2
ioctl,219,"8, BINDER_WRITE_READ, 0xfff529b8",6
ioctl,219,"8, BINDER_WRITE_READ, 0xfff52c48",6
ioctl,219,"8, BINDER_WRITE_READ, 0xfff52338",2
ioctl,219,"8, BINDER_WRITE_READ, 0xfff51f68",2
ioctl,219,"8, BINDER_WRITE_READ, 0xfff51db8",2
ioctl,219,"8, BINDER_WRITE_READ, 0xfff51f58",1
ioctl,219,"8, BINDER_WRITE_READ, 0xfff525f8",2
ioctl,219,"8, BINDER_WRITE_READ, 0xfff52bf8",4
ioctl,219,"8, BINDER_WRITE_READ, 0xfff52748",1
ioctl,219,"8, BINDER_WRITE_READ, 0xfff52a68",1
ioctl,219,"63, ASHMEM_SET_NAME, 0xfff4f3e0",1
ioctl,219,"8, BINDER_WRITE_READ, 0xfff51e58",8
ioctl,219,"8, BINDER_WRITE_READ, 0xfff500a8",8
ioctl,219,"8, BINDER_WRITE_READ, 0xfff51d98",8
ioctl,219,"8, BINDER_WRITE_READ, 0xfff52648",8
ioctl,219,"8, BINDER_WRITE_READ, 0xfff4e6c8",8
ioctl,219,"49, ASHMEM_SET_NAME, 0xfff4d560",3
ioctl,219,"49, ASHMEM_SET_NAME, 0xfff51fd0",1
ioctl,219,"8, BINDER_WRITE_READ, 0xfff52ca8",2
ioctl,219,"8, BINDER_WRITE_READ, 0xfff52488",2
ioctl,219,"8, BINDER_WRITE_READ, 0xfff520b8",2
ioctl,219,"8, BINDER_WRITE_READ, 0xfff51f08",2
ioctl,219,"8, BINDER_WRITE_READ, 0xfff52c68",2
ioctl,219,"8, BINDER_WRITE_READ, 0xfff52c28",2
ioctl,219,"60, ASHMEM_SET_NAME, 0xfff4f3e0",1
ioctl,219,"8, BINDER_WRITE_READ, 0xfff51a38",2
ioctl,219,"8, BINDER_WRITE_READ, 0xfff51d68",4
ioctl,219,"8, BINDER_WRITE_READ, 0xfff523f8",1
ioctl,219,"8, BINDER_WRITE_READ, 0xfff52c88",1
ioctl,219,"60, ASHMEM_SET_NAME, 0xfff4f670",2
ioctl,219,"8, BINDER_WRITE_READ, 0xfff52e98",4
ioctl,219,"8, BINDER_WRITE_READ, 0xfff52598",1
ioctl,219,"8, BINDER_WRITE_READ, 0xfff52c78",4
ioctl,219,"8, BINDER_WRITE_READ, 0xfff51ca8",12
ioctl,219,"8, BINDER_WRITE_READ, 0xfff52528",1
ioctl,219,"8, BINDER_WRITE_READ, 0xfff52848",1
ioctl,219,"8, BINDER_WRITE_READ, 0xfff51c28",12
ioctl,219,"49, ASHMEM_SET_NAME, 0xfff4da50",1
ioctl,219,"8, BINDER_WRITE_READ, 0xfff52908",1
ioctl,219,"8, BINDER_WRITE_READ, 0xfff521a8",1
rt_sigprocmask,1,"SIG_SETMASK, [HUP INT QUIT TRAP KILL USR1 USR2 PIPE ALRM TERM STKFLT CHLD CONT STOP TSTP TTIN TTOU URG XCPU XFSZ VTALRM PROF WINCH IO PWR SYS RTMIN], [HUP INT QUIT ILL TRAP ABRT BUS FPE USR1 SEGV USR2 PIPE ALRM TERM STKFLT CHLD CONT TSTP TTIN TTOU URG XCPU XFSZ VTALRM PROF WINCH IO PWR SYS RTMIN], 8",1
process_vm_readv,5,"26532, [{iov_base=""\213\1\213\200H\1\0\0\377P\34\203\304\24]"", iov_len=15}], 1, [{iov_base=0x72007f5f, iov_len=15}], 1, 0",2
process_vm_readv,5,"26532, [{iov_base=""\230[op"", iov_len=4}], 1, [{iov_base=0x7092af9c, iov_len=4}], 1, 0",1
process_vm_readv,5,"26532, [{iov_base=""P_3p"", iov_len=4}], 1, [{iov_base=0x706f5b98, iov_len=4}], 1, 0",1
process_vm_readv,5,"26532, [{iov_base=""P_3p"", iov_len=4}], 1, [{iov_base=0x70335f50, iov_len=4}], 1, 0",1
write,100,"37, ""\1\0\0\0\0\0\0\0"", 8",1
write,100,"50, ""\1\0\0\0\0\0\0\0"", 8",58
write,100,"49, ""<?xml version='1.0' encoding='ut""..., 1428",4
write,100,"25, ""\1\0\0\0\0\0\0\0"", 8",36
write,100,"31, ""\1\0\0\0\0\0\0\0"", 8",1
clock_gettime,78,"CLOCK_BOOTTIME, {tv_sec=147527, tv_nsec=496205183}",1
clock_gettime,78,"CLOCK_BOOTTIME, {tv_sec=147527, tv_nsec=518670549}",1
clock_gettime,78,"CLOCK_BOOTTIME, {tv_sec=147527, tv_nsec=541105748}",1
clock_gettime,78,"CLOCK_BOOTTIME, {tv_sec=147527, tv_nsec=543482251}",1
clock_gettime,78,"CLOCK_BOOTTIME, {tv_sec=147527, tv_nsec=548789364}",1
clock_gettime,78,"CLOCK_BOOTTIME, {tv_sec=147527, tv_nsec=672278465}",1
clock_gettime,78,"CLOCK_BOOTTIME, {tv_sec=147527, tv_nsec=754504571}",1
clock_gettime,78,"CLOCK_BOOTTIME, {tv_sec=147527, tv_nsec=761446194}",1
clock_gettime,78,"CLOCK_BOOTTIME, {tv_sec=147527, tv_nsec=761947048}",1
clock_gettime,78,"CLOCK_BOOTTIME, {tv_sec=147527, tv_nsec=908661785}",1
clock_gettime,78,"CLOCK_BOOTTIME, {tv_sec=147527, tv_nsec=910108769}",1
clock_gettime,78,"CLOCK_BOOTTIME, {tv_sec=147527, tv_nsec=915290359}",1
clock_gettime,78,"CLOCK_BOOTTIME, {tv_sec=147527, tv_nsec=919024883}",1
clock_gettime,78,"CLOCK_BOOTTIME, {tv_sec=147527, tv_nsec=923209611}",1
clock_gettime,78,"CLOCK_BOOTTIME, {tv_sec=147527, tv_nsec=925839072}",1
clock_gettime,78,"CLOCK_BOOTTIME, {tv_sec=147527, tv_nsec=928870473}",1
clock_gettime,78,"CLOCK_BOOTTIME, {tv_sec=147527, tv_nsec=935535636}",1
clock_gettime,78,"CLOCK_BOOTTIME, {tv_sec=147527, tv_nsec=945113994}",1
clock_gettime,78,"CLOCK_BOOTTIME, {tv_sec=147527, tv_nsec=945866023}",1
clock_gettime,78,"CLOCK_BOOTTIME, {tv_sec=147528, tv_nsec=146836597}",1
clock_gettime,78,"CLOCK_BOOTTIME, {tv_sec=147528, tv_nsec=150476292}",1
clock_gettime,78,"CLOCK_BOOTTIME, {tv_sec=147528, tv_nsec=164262804}",1
clock_gettime,78,"CLOCK_BOOTTIME, {tv_sec=147528, tv_nsec=177788842}",1
clock_gettime,78,"CLOCK_BOOTTIME, {tv_sec=147528, tv_nsec=257552359}",1
clock_gettime,78,"CLOCK_BOOTTIME, {tv_sec=147528, tv_nsec=267381146}",1
clock_gettime,78,"CLOCK_BOOTTIME, {tv_sec=147528, tv_nsec=267989663}",1
clock_gettime,78,"CLOCK_BOOTTIME, {tv_sec=147528, tv_nsec=273818258}",1
clock_gettime,78,"CLOCK_BOOTTIME, {tv_sec=147528, tv_nsec=286926694}",1
clock_gettime,78,"CLOCK_BOOTTIME, {tv_sec=147528, tv_nsec=289035396}",1
clock_gettime,78,"CLOCK_BOOTTIME, {tv_sec=147528, tv_nsec=292904079}",1
clock_gettime,78,"CLOCK_BOOTTIME, {tv_sec=147528, tv_nsec=297905428}",1
clock_gettime,78,"CLOCK_BOOTTIME, {tv_sec=147528, tv_nsec=456476105}",1
clock_gettime,78,"CLOCK_BOOTTIME, {tv_sec=147528, tv_nsec=463627722}",1
clock_gettime,78,"CLOCK_BOOTTIME, {tv_sec=147528, tv_nsec=470763389}",1
clock_gettime,78,"CLOCK_BOOTTIME, {tv_sec=147528, tv_nsec=470804857}",1
clock_gettime,78,"CLOCK_BOOTTIME, {tv_sec=147528, tv_nsec=470886272}",1
clock_gettime,78,"CLOCK_BOOTTIME, {tv_sec=147528, tv_nsec=882632722}",1
clock_gettime,78,"CLOCK_BOOTTIME, {tv_sec=147528, tv_nsec=886650585}",1
clock_gettime,78,"CLOCK_BOOTTIME, {tv_sec=147528, tv_nsec=889609745}",1
clock_gettime,78,"CLOCK_BOOTTIME, {tv_sec=147528, tv_nsec=894910271}",1
clock_gettime,78,"CLOCK_BOOTTIME, {tv_sec=147528, tv_nsec=896698762}",1
clock_gettime,78,"CLOCK_BOOTTIME, {tv_sec=147528, tv_nsec=896906769}",1
clock_gettime,78,"CLOCK_BOOTTIME, {tv_sec=147528, tv_nsec=897227416}",1
clock_gettime,78,"CLOCK_BOOTTIME, {tv_sec=147529, tv_nsec=188650310}",1
clock_gettime,78,"CLOCK_BOOTTIME, {tv_sec=147529, tv_nsec=190383915}",1
clock_gettime,78,"CLOCK_BOOTTIME, {tv_sec=147529, tv_nsec=192725844}",1
clock_gettime,78,"CLOCK_BOOTTIME, {tv_sec=147529, tv_nsec=196210660}",1
clock_gettime,78,"CLOCK_BOOTTIME, {tv_sec=147529, tv_nsec=201822741}",1
clock_gettime,78,"CLOCK_BOOTTIME, {tv_sec=147529, tv_nsec=206941494}",1
clock_gettime,78,"CLOCK_BOOTTIME, {tv_sec=147529, tv_nsec=207076652}",1
clock_gettime,78,"CLOCK_BOOTTIME, {tv_sec=147529, tv_nsec=207272330}",1
clock_gettime,78,"CLOCK_BOOTTIME, {tv_sec=147529, tv_nsec=208451686}",1
clock_gettime,78,"CLOCK_BOOTTIME, {tv_sec=147529, tv_nsec=209171843}",1
clock_gettime,78,"CLOCK_BOOTTIME, {tv_sec=147529, tv_nsec=209243498}",1
clock_gettime,78,"CLOCK_BOOTTIME, {tv_sec=147529, tv_nsec=209334538}",1
clock_gettime,78,"CLOCK_BOOTTIME, {tv_sec=147529, tv_nsec=216324265}",1
clock_gettime,78,"CLOCK_BOOTTIME, {tv_sec=147529, tv_nsec=220631790}",1
clock_gettime,78,"CLOCK_BOOTTIME, {tv_sec=147529, tv_nsec=220962367}",1
clock_gettime,78,"CLOCK_BOOTTIME, {tv_sec=147529, tv_nsec=221115260}",1
clock_gettime,78,"CLOCK_BOOTTIME, {tv_sec=147529, tv_nsec=226957084}",1
clock_gettime,78,"CLOCK_BOOTTIME, {tv_sec=147529, tv_nsec=228081399}",1
clock_gettime,78,"CLOCK_BOOTTIME, {tv_sec=147529, tv_nsec=228420716}",1
clock_gettime,78,"CLOCK_BOOTTIME, {tv_sec=147529, tv_nsec=229141894}",1
clock_gettime,78,"CLOCK_BOOTTIME, {tv_sec=147529, tv_nsec=229862018}",1
clock_gettime,78,"CLOCK_BOOTTIME, {tv_sec=147529, tv_nsec=230925308}",1
clock_gettime,78,"CLOCK_BOOTTIME, {tv_sec=147529, tv_nsec=232805509}",1
clock_gettime,78,"CLOCK_BOOTTIME, {tv_sec=147529, tv_nsec=234010053}",1
clock_gettime,78,"CLOCK_BOOTTIME, {tv_sec=147529, tv_nsec=240493956}",1
clock_gettime,78,"CLOCK_BOOTTIME, {tv_sec=147529, tv_nsec=240622995}",1
clock_gettime,78,"CLOCK_BOOTTIME, {tv_sec=147529, tv_nsec=240865584}",1
clock_gettime,78,"CLOCK_BOOTTIME, {tv_sec=147529, tv_nsec=435489819}",1
clock_gettime,78,"CLOCK_BOOTTIME, {tv_sec=147529, tv_nsec=438893206}",1
clock_gettime,78,"CLOCK_BOOTTIME, {tv_sec=147529, tv_nsec=448462580}",1
clock_gettime,78,"CLOCK_BOOTTIME, {tv_sec=147529, tv_nsec=475662500}",1
clock_gettime,78,"CLOCK_BOOTTIME, {tv_sec=147529, tv_nsec=506161398}",1
clock_gettime,78,"CLOCK_BOOTTIME, {tv_sec=147529, tv_nsec=522884702}",1
clock_gettime,78,"CLOCK_BOOTTIME, {tv_sec=147529, tv_nsec=523093286}",1
clock_gettime,78,"CLOCK_BOOTTIME, {tv_sec=147529, tv_nsec=523326036}",1
openat,19,"AT_FDCWD, ""/dev/ashmem"", O_RDWR|O_LARGEFILE",15
openat,19,"AT_FDCWD, ""/data/user/0/com.loblaw.pchealth/shared_prefs/life.league.privacylock.v2_secure.xml"", O_WRONLY|O_CREAT|O_TRUNC|O_LARGEFILE, 0666",4
mmap2,81,"NULL, 8192, PROT_READ|PROT_WRITE, MAP_PRIVATE, 49, 0",10
mmap2,81,"NULL, 1069056, PROT_READ|PROT_WRITE, MAP_PRIVATE|MAP_ANONYMOUS|MAP_NORESERVE, -1, 0",11
mmap2,81,"NULL, 20480, PROT_NONE, MAP_PRIVATE|MAP_ANONYMOUS, -1, 0",11
mmap2,81,"NULL, 617, PROT_READ, MAP_SHARED, 30, 0x5391000",1
mmap2,81,"NULL, 1496, PROT_READ, MAP_SHARED, 24, 0x1b28000",1
mmap2,81,"NULL, 1544, PROT_READ, MAP_SHARED, 30, 0x53ca000",1
mmap2,81,"NULL, 1172, PROT_READ, MAP_SHARED, 24, 0x1b28000",2
mmap2,81,"NULL, 1233, PROT_READ, MAP_SHARED, 24, 0x1b23000",2
mmap2,81,"NULL, 1934, PROT_READ, MAP_SHARED, 24, 0x1b23000",1
mmap2,81,"NULL, 2419, PROT_READ, MAP_SHARED, 30, 0x52f6000",1
mmap2,81,"NULL, 1828, PROT_READ, MAP_SHARED, 24, 0x1b62000",1
mmap2,81,"NULL, 1467, PROT_READ, MAP_SHARED, 24, 0x1b61000",1
mmap2,81,"NULL, 4542, PROT_READ, MAP_SHARED, 24, 0x1b83000",1
mmap2,81,"NULL, 822, PROT_READ, MAP_SHARED, 24, 0x1b95000",1
mmap2,81,"NULL, 1121, PROT_READ, MAP_SHARED, 24, 0x1b95000",1
mmap2,81,"NULL, 2571, PROT_READ, MAP_SHARED, 30, 0x538b000",1
mmap2,81,"NULL, 2114, PROT_READ, MAP_SHARED, 30, 0x538b000",1
mmap2,81,"NULL, 3938, PROT_READ, MAP_SHARED, 30, 0x53e0000",1
mmap2,81,"NULL, 2255, PROT_READ, MAP_SHARED, 30, 0x53e2000",1
mmap2,81,"NULL, 4718, PROT_READ, MAP_SHARED, 30, 0x53e0000",1
mmap2,81,"NULL, 4094, PROT_READ, MAP_SHARED, 30, 0x53e1000",1
mmap2,81,"NULL, 3615, PROT_READ, MAP_SHARED, 30, 0x53a6000",1
mmap2,81,"NULL, 8224, PROT_READ, MAP_SHARED, 30, 0x52f7000",1
mmap2,81,"NULL, 5717, PROT_READ, MAP_SHARED, 30, 0x49b8000",1
mmap2,81,"NULL, 4321, PROT_READ, MAP_SHARED, 30, 0x52fe000",1
mmap2,81,"NULL, 3402, PROT_READ, MAP_SHARED, 30, 0x539f000",1
mmap2,81,"NULL, 18151, PROT_READ, MAP_SHARED, 30, 0x49a8000",1
mmap2,81,"NULL, 3368, PROT_READ, MAP_SHARED, 30, 0x53ca000",1
mmap2,81,"NULL, 1242, PROT_READ, MAP_SHARED, 30, 0x53c7000",1
mmap2,81,"NULL, 1688, PROT_READ, MAP_SHARED, 24, 0x1b95000",1
mmap2,81,"NULL, 1924, PROT_READ, MAP_SHARED, 24, 0x1b95000",1
mmap2,81,"NULL, 2985, PROT_READ, MAP_SHARED, 30, 0x52d9000",1
mmap2,81,"NULL, 1922, PROT_READ, MAP_SHARED, 30, 0x53c3000",1
mmap2,81,"NULL, 1113, PROT_READ, MAP_SHARED, 24, 0x1b17000",2
mmap2,81,"NULL, 2876, PROT_READ, MAP_SHARED, 24, 0x1b18000",1
mmap2,81,"NULL, 4187, PROT_READ, MAP_SHARED, 24, 0x1b62000",1
mmap2,81,"NULL, 3904, PROT_READ, MAP_SHARED, 24, 0x1b62000",1
mmap2,81,"NULL, 3275, PROT_READ, MAP_SHARED, 24, 0x1b18000",1
mmap2,81,"NULL, 3699, PROT_READ, MAP_SHARED, 30, 0x52d5000",1
mmap2,81,"NULL, 280, PROT_READ, MAP_SHARED, 30, 0x52d6000",1
mmap2,81,"NULL, 4037, PROT_READ, MAP_SHARED, 30, 0x52d5000",1
mmap2,81,"NULL, 8192, PROT_READ|PROT_WRITE, MAP_PRIVATE, 61, 0",1
mmap2,81,"NULL, 4249, PROT_READ, MAP_SHARED, 30, 0x4997000",1
mmap2,81,"NULL, 1574, PROT_READ, MAP_SHARED, 30, 0x499a000",1
mmap2,81,"NULL, 677, PROT_READ, MAP_SHARED, 30, 0x53aa000",1
mmap2,81,"NULL, 20480, PROT_READ|PROT_WRITE, MAP_PRIVATE, 63, 0",1
mmap2,81,"NULL, 20480, PROT_READ|PROT_WRITE, MAP_PRIVATE, 60, 0",3
close,25,49,18
close,25,61,1
close,25,63,1
close,25,60,4
close,25,64,1
madvise,26,"0xcc2aa000, 1069056, MADV_MERGEABLE",1
madvise,26,"0xe94f8000, 20480, MADV_MERGEABLE",1
madvise,26,"0xcb82a000, 1069056, MADV_MERGEABLE",1
madvise,26,"0xe943d000, 20480, MADV_MERGEABLE",1
madvise,26,"0xc79ff000, 4096, MADV_DONTNEED",1
madvise,26,"0xc798a000, 4096, MADV_DONTNEED",1
madvise,26,"0xc79d2000, 4096, MADV_DONTNEED",1
madvise,26,"0xc7c5c000, 61440, MADV_DONTNEED",1
madvise,26,"0xcb07b000, 1069056, MADV_MERGEABLE",1
madvise,26,"0xe8df8000, 20480, MADV_MERGEABLE",1
madvise,26,"0xcaf76000, 1069056, MADV_MERGEABLE",1
madvise,26,"0xe8d23000, 20480, MADV_MERGEABLE",1
madvise,26,"0xcad6c000, 1069056, MADV_MERGEABLE",2
madvise,26,"0xe8afb000, 20480, MADV_MERGEABLE",1
madvise,26,"0xe82c4000, 20480, MADV_MERGEABLE",1
madvise,26,"0xcaa58000, 1069056, MADV_MERGEABLE",2
madvise,26,"0xe0899000, 20480, MADV_MERGEABLE",1
madvise,26,"0xe087f000, 20480, MADV_MERGEABLE",1
madvise,26,"0xca776000, 1069056, MADV_MERGEABLE",3
madvise,26,"0xdf087000, 20480, MADV_MERGEABLE",1
madvise,26,"0xe8bfb000, 20480, MADV_MERGEABLE",1
madvise,26,"0xe8ac5000, 20480, MADV_MERGEABLE",1
mprotect,22,"0xcc2aa000, 4096, PROT_NONE",1
mprotect,22,"0xe94f9000, 12288, PROT_READ|PROT_WRITE",1
mprotect,22,"0xcb82a000, 4096, PROT_NONE",1
mprotect,22,"0xe943e000, 12288, PROT_READ|PROT_WRITE",1
mprotect,22,"0xcb07b000, 4096, PROT_NONE",1
mprotect,22,"0xe8df9000, 12288, PROT_READ|PROT_WRITE",1
mprotect,22,"0xcaf76000, 4096, PROT_NONE",1
mprotect,22,"0xe8d24000, 12288, PROT_READ|PROT_WRITE",1
mprotect,22,"0xcad6c000, 4096, PROT_NONE",2
mprotect,22,"0xe8afc000, 12288, PROT_READ|PROT_WRITE",1
mprotect,22,"0xe82c5000, 12288, PROT_READ|PROT_WRITE",1
mprotect,22,"0xcaa58000, 4096, PROT_NONE",2
mprotect,22,"0xe089a000, 12288, PROT_READ|PROT_WRITE",1
mprotect,22,"0xe0880000, 12288, PROT_READ|PROT_WRITE",1
mprotect,22,"0xca776000, 4096, PROT_NONE",3
mprotect,22,"0xdf088000, 12288, PROT_READ|PROT_WRITE",1
mprotect,22,"0xe8bfc000, 12288, PROT_READ|PROT_WRITE",1
mprotect,22,"0xe8ac6000, 12288, PROT_READ|PROT_WRITE",1
prctl,33,"PR_SET_VMA, PR_SET_VMA_ANON_NAME, 0xcc2aa000, 4096, ""thread stack guard page""",1
prctl,33,"PR_SET_VMA, PR_SET_VMA_ANON_NAME, 0xe94f8000, 20480, ""bionic TLS guard page""",1
prctl,33,"PR_SET_VMA, PR_SET_VMA_ANON_NAME, 0xe94f9000, 12288, ""bionic TLS""",1
prctl,33,"PR_SET_VMA, PR_SET_VMA_ANON_NAME, 0xcb82a000, 4096, ""thread stack guard page""",1
prctl,33,"PR_SET_VMA, PR_SET_VMA_ANON_NAME, 0xe943d000, 20480, ""bionic TLS guard page""",1
prctl,33,"PR_SET_VMA, PR_SET_VMA_ANON_NAME, 0xe943e000, 12288, ""bionic TLS""",1
prctl,33,"PR_SET_VMA, PR_SET_VMA_ANON_NAME, 0xcb07b000, 4096, ""thread stack guard page""",1
prctl,33,"PR_SET_VMA, PR_SET_VMA_ANON_NAME, 0xe8df8000, 20480, ""bionic TLS guard page""",1
prctl,33,"PR_SET_VMA, PR_SET_VMA_ANON_NAME, 0xe8df9000, 12288, ""bionic TLS""",1
prctl,33,"PR_SET_VMA, PR_SET_VMA_ANON_NAME, 0xcaf76000, 4096, ""thread stack guard page""",1
prctl,33,"PR_SET_VMA, PR_SET_VMA_ANON_NAME, 0xe8d23000, 20480, ""bionic TLS guard page""",1
prctl,33,"PR_SET_VMA, PR_SET_VMA_ANON_NAME, 0xe8d24000, 12288, ""bionic TLS""",1
prctl,33,"PR_SET_VMA, PR_SET_VMA_ANON_NAME, 0xcad6c000, 4096, ""thread stack guard page""",2
prctl,33,"PR_SET_VMA, PR_SET_VMA_ANON_NAME, 0xe8afb000, 20480, ""bionic TLS guard page""",1
prctl,33,"PR_SET_VMA, PR_SET_VMA_ANON_NAME, 0xe8afc000, 12288, ""bionic TLS""",1
prctl,33,"PR_SET_VMA, PR_SET_VMA_ANON_NAME, 0xe82c4000, 20480, ""bionic TLS guard page""",1
prctl,33,"PR_SET_VMA, PR_SET_VMA_ANON_NAME, 0xe82c5000, 12288, ""bionic TLS""",1
prctl,33,"PR_SET_VMA, PR_SET_VMA_ANON_NAME, 0xcaa58000, 4096, ""thread stack guard page""",2
prctl,33,"PR_SET_VMA, PR_SET_VMA_ANON_NAME, 0xe0899000, 20480, ""bionic TLS guard page""",1
prctl,33,"PR_SET_VMA, PR_SET_VMA_ANON_NAME, 0xe089a000, 12288, ""bionic TLS""",1
prctl,33,"PR_SET_VMA, PR_SET_VMA_ANON_NAME, 0xe087f000, 20480, ""bionic TLS guard page""",1
prctl,33,"PR_SET_VMA, PR_SET_VMA_ANON_NAME, 0xe0880000, 12288, ""bionic TLS""",1
prctl,33,"PR_SET_VMA, PR_SET_VMA_ANON_NAME, 0xca776000, 4096, ""thread stack guard page""",3
prctl,33,"PR_SET_VMA, PR_SET_VMA_ANON_NAME, 0xdf087000, 20480, ""bionic TLS guard page""",1
prctl,33,"PR_SET_VMA, PR_SET_VMA_ANON_NAME, 0xdf088000, 12288, ""bionic TLS""",1
prctl,33,"PR_SET_VMA, PR_SET_VMA_ANON_NAME, 0xe8bfb000, 20480, ""bionic TLS guard page""",1
prctl,33,"PR_SET_VMA, PR_SET_VMA_ANON_NAME, 0xe8bfc000, 12288, ""bionic TLS""",1
prctl,33,"PR_SET_VMA, PR_SET_VMA_ANON_NAME, 0xe8ac5000, 20480, ""bionic TLS guard page""",1
prctl,33,"PR_SET_VMA, PR_SET_VMA_ANON_NAME, 0xe8ac6000, 12288, ""bionic TLS""",1
clone,11,"child_stack=0xcc3ae960, flags=CLONE_VM|CLONE_FS|CLONE_FILES|CLONE_SIGHAND|CLONE_THREAD|CLONE_SYSVSEM|CLONE_SETTLS|CLONE_PARENT_SETTID|CLONE_CHILD_CLEARTID, parent_tidptr=0xcc3ae978, tls=0xfff51050, child_tidptr=0xcc3ae978",1
clone,11,"child_stack=0xcb92e960, flags=CLONE_VM|CLONE_FS|CLONE_FILES|CLONE_SIGHAND|CLONE_THREAD|CLONE_SYSVSEM|CLONE_SETTLS|CLONE_PARENT_SETTID|CLONE_CHILD_CLEARTID, parent_tidptr=0xcb92e978, tls=0xfff51120, child_tidptr=0xcb92e978",1
clone,11,"child_stack=0xcb17f960, flags=CLONE_VM|CLONE_FS|CLONE_FILES|CLONE_SIGHAND|CLONE_THREAD|CLONE_SYSVSEM|CLONE_SETTLS|CLONE_PARENT_SETTID|CLONE_CHILD_CLEARTID, parent_tidptr=0xcb17f978, tls=0xfff4e990, child_tidptr=0xcb17f978",1
clone,11,"child_stack=0xcb07a960, flags=CLONE_VM|CLONE_FS|CLONE_FILES|CLONE_SIGHAND|CLONE_THREAD|CLONE_SYSVSEM|CLONE_SETTLS|CLONE_PARENT_SETTID|CLONE_CHILD_CLEARTID, parent_tidptr=0xcb07a978, tls=0xfff51b50, child_tidptr=0xcb07a978",1
clone,11,"child_stack=0xcae70960, flags=CLONE_VM|CLONE_FS|CLONE_FILES|CLONE_SIGHAND|CLONE_THREAD|CLONE_SYSVSEM|CLONE_SETTLS|CLONE_PARENT_SETTID|CLONE_CHILD_CLEARTID, parent_tidptr=0xcae70978, tls=0xfff4d750, child_tidptr=0xcae70978",1
clone,11,"child_stack=0xcae70960, flags=CLONE_VM|CLONE_FS|CLONE_FILES|CLONE_SIGHAND|CLONE_THREAD|CLONE_SYSVSEM|CLONE_SETTLS|CLONE_PARENT_SETTID|CLONE_CHILD_CLEARTID, parent_tidptr=0xcae70978, tls=0xfff4cef0, child_tidptr=0xcae70978",1
clone,11,"child_stack=0xcab5c960, flags=CLONE_VM|CLONE_FS|CLONE_FILES|CLONE_SIGHAND|CLONE_THREAD|CLONE_SYSVSEM|CLONE_SETTLS|CLONE_PARENT_SETTID|CLONE_CHILD_CLEARTID, parent_tidptr=0xcab5c978, tls=0xfff4d7e0, child_tidptr=0xcab5c978",1
clone,11,"child_stack=0xcab5c960, flags=CLONE_VM|CLONE_FS|CLONE_FILES|CLONE_SIGHAND|CLONE_THREAD|CLONE_SYSVSEM|CLONE_SETTLS|CLONE_PARENT_SETTID|CLONE_CHILD_CLEARTID, parent_tidptr=0xcab5c978, tls=0xfff52250, child_tidptr=0xcab5c978",1
clone,11,"child_stack=0xca87a960, flags=CLONE_VM|CLONE_FS|CLONE_FILES|CLONE_SIGHAND|CLONE_THREAD|CLONE_SYSVSEM|CLONE_SETTLS|CLONE_PARENT_SETTID|CLONE_CHILD_CLEARTID, parent_tidptr=0xca87a978, tls=0xfff4d7e0, child_tidptr=0xca87a978",2
clone,11,"child_stack=0xca87a960, flags=CLONE_VM|CLONE_FS|CLONE_FILES|CLONE_SIGHAND|CLONE_THREAD|CLONE_SYSVSEM|CLONE_SETTLS|CLONE_PARENT_SETTID|CLONE_CHILD_CLEARTID, parent_tidptr=0xca87a978, tls=0xfff4dcd0, child_tidptr=0xca87a978",1
futex,355,"0xcc3ae9b0, FUTEX_WAKE_PRIVATE, 1",1
futex,355,"0xcb1fd728, FUTEX_WAKE, 1",4
futex,355,"0xe810da50, FUTEX_WAKE, 1",4
futex,355,"0xde887b90, FUTEX_WAKE, 1",4
futex,355,"0xde887bb0, FUTEX_WAKE, 1",2
futex,355,"0xcb1fd848, FUTEX_WAKE, 1",3
futex,355,"0xe810d4b0, FUTEX_WAKE, 1",3
futex,355,"0xdc2fd950, FUTEX_WAKE, 1",4
futex,355,"0xdc2fd970, FUTEX_WAKE, 1",1
futex,355,"0xe81efe00, FUTEX_WAKE, 1",45
futex,355,"0xe81efde0, FUTEX_WAKE, 1",45
futex,355,"0xe81eca68, FUTEX_WAKE, 1",16
futex,355,"0xe8114010, FUTEX_WAKE, 1",16
futex,355,"0xe81a1930, FUTEX_WAKE, 1",24
futex,355,"0xe81a1950, FUTEX_WAKE, 1",8
futex,355,"0xcb1fd788, FUTEX_WAKE, 1",3
futex,355,"0xe810da20, FUTEX_WAKE, 1",3
futex,355,"0xdc2fd350, FUTEX_WAKE, 1",4
futex,355,"0xdc2fd370, FUTEX_WAKE, 1",2
futex,355,"0xcb1fd608, FUTEX_WAKE, 1",3
futex,355,"0xe810d870, FUTEX_WAKE, 1",3
futex,355,"0xe8115180, FUTEX_WAKE, 1",2
futex,355,"0xe0cc70f0, FUTEX_WAKE, 4294967295",1
futex,355,"0xe81ec748, FUTEX_WAIT, 17, NULL",1
futex,355,"0xdc2fce90, FUTEX_WAKE, 1",2
futex,355,"0xdc2fce70, FUTEX_WAKE, 1",5
futex,355,"0xe8114f70, FUTEX_WAIT, 1, NULL",1
futex,355,"0xe81980b8, FUTEX_CMP_REQUEUE, 0, 2147483647, 0xe8198098, 31",1
futex,355,"0xe8198098, FUTEX_WAKE, 1",2
futex,355,"0xe81980b8, FUTEX_CMP_REQUEUE, 0, 2147483647, 0xe8198098, 32",1
futex,355,"0xec600678, FUTEX_WAKE_PRIVATE, 1",1
futex,355,"0xcb07a9b0, FUTEX_WAKE_PRIVATE, 1",1
futex,355,"0xdc2ff068, FUTEX_WAKE, 1",1
futex,355,"0xe810c970, FUTEX_WAKE, 1",1
futex,355,"0xe812e950, FUTEX_WAKE, 1",2
futex,355,"0xcb1cb458, FUTEX_WAKE, 1",5
futex,355,"0xdc1fa020, FUTEX_WAKE, 1",5
futex,355,"0xe91b8064, FUTEX_WAKE_PRIVATE, 1",1
futex,355,"0xcae709b0, FUTEX_WAKE_PRIVATE, 1",2
futex,355,"0xe810b7c8, FUTEX_WAKE, 1",6
futex,355,"0xe81e2f30, FUTEX_WAKE, 1",6
futex,355,"0xdcde2fd0, FUTEX_WAKE, 1",10
futex,355,"0xdcde2ff0, FUTEX_WAKE, 1",5
futex,355,"0xec600618, FUTEX_WAKE_PRIVATE, 1",1
futex,355,"0xcb1e4728, FUTEX_WAKE_PRIVATE, 1",35
futex,355,"0xcb1d0a70, FUTEX_WAKE_PRIVATE, 1",9
futex,355,"0xc8b83288, FUTEX_WAKE, 1",1
futex,355,"0xc9b782b0, FUTEX_WAKE, 1",1
futex,355,"0xde8f6190, FUTEX_WAKE, 1",2
futex,355,"0xde8f61b0, FUTEX_WAKE, 1",1
futex,355,"0xdc2ff018, FUTEX_WAKE, 1",1
futex,355,"0xdc1fa1a0, FUTEX_WAKE, 1",1
futex,355,"0xde885070, FUTEX_WAKE, 1",2
futex,355,"0xca99fee8, FUTEX_WAKE, 1",1
futex,355,"0xde88f510, FUTEX_WAKE, 1",1
futex,355,"0xdbf7bd30, FUTEX_WAKE, 1",2
futex,355,"0xdbf7bd50, FUTEX_WAKE, 1",1
futex,355,"0xcb1d0a00, FUTEX_WAIT_BITSET_PRIVATE, 2, NULL, 0xffffffff",1
futex,355,"0xcb1d0a74, FUTEX_WAIT_BITSET_PRIVATE, 26, NULL, 0xffffffff",1
futex,355,"0xdbf7d170, FUTEX_WAKE, 1",6
futex,355,"0xdbf7d190, FUTEX_WAKE, 1",3
futex,355,"0xcab5c9b0, FUTEX_WAKE_PRIVATE, 1",2
futex,355,"0xe81d9fa0, FUTEX_WAKE, 1",1
futex,355,"0xcb1d09fc, FUTEX_WAKE_PRIVATE, 1",6
futex,355,"0xcb1d0a74, FUTEX_WAIT_BITSET_PRIVATE, 38, NULL, 0xffffffff",1
futex,355,"0xcb1d0a00, FUTEX_WAIT_BITSET_PRIVATE, 10, NULL, 0xffffffff",1
futex,355,"0xcb1d0a00, FUTEX_WAIT_BITSET_PRIVATE, 14, NULL, 0xffffffff",1
futex,355,"0xcb1d0a00, FUTEX_WAIT_BITSET_PRIVATE, 18, NULL, 0xffffffff",1
futex,355,"0xcb1d0a00, FUTEX_WAIT_BITSET_PRIVATE, 22, NULL, 0xffffffff",1
futex,355,"0xca87a9b0, FUTEX_WAKE_PRIVATE, 1",2
futex,355,"0xcb1d0a00, FUTEX_WAIT_BITSET_PRIVATE, 26, NULL, 0xffffffff",1
futex,355,"0xcb1d0a00, FUTEX_WAIT_BITSET_PRIVATE, 30, NULL, 0xffffffff",1
futex,355,"0xcb1d0a00, FUTEX_WAIT_BITSET_PRIVATE, 34, NULL, 0xffffffff",1
futex,355,"0xcb1d0a00, FUTEX_WAIT_BITSET_PRIVATE, 38, NULL, 0xffffffff",1
futex,355,"0xcb1d0a00, FUTEX_WAIT_BITSET_PRIVATE, 46, NULL, 0xffffffff",1
futex,355,"0xcb1d0a00, FUTEX_WAIT_BITSET_PRIVATE, 70, NULL, 0xffffffff",1
futex,355,"0xcb1d0a00, FUTEX_WAIT_BITSET_PRIVATE, 74, NULL, 0xffffffff",1
futex,355,"0xcb1d0a00, FUTEX_WAIT_BITSET_PRIVATE, 78, NULL, 0xffffffff",1
futex,355,"0xcb1d0a00, FUTEX_WAIT_BITSET_PRIVATE, 82, NULL, 0xffffffff",1
pread64,83,"30, ""PK\3\4\0\0\0\0\10\0\0\0\0\0\fI\f8+\2\0\0\304\4\0\0\34\0\0\0"", 30, 87625732",1
pread64,83,"30, ""res/layout/activity_main.xml"", 28, 87625762",1
pread64,83,"24, ""PK\3\4\24\0\10\10\10\0\0\0!:\0\0\0\0\0\0\0\0\0\0\0\0\""\0\0\0"", 30, 28476580",1
pread64,83,"24, ""res/color/text_color_secondary.x""..., 34, 28476610",1
pread64,83,"30, ""PK\3\4\0\0\0\0\10\0\0\0\0\0\301\246\25\5\20\2\0\0(\5\0\0%\0\0\0"", 30, 87860149",1
pread64,83,"30, ""res/layout/widget_genesis_toolba""..., 37, 87860179",1
pread64,83,"24, ""PK\3\4\24\0\10\10\10\0\0\0!:\0\0\0\0\0\0\0\0\0\0\0\0 \0\0\0"", 30, 28476258",2
pread64,83,"24, ""res/color/text_color_primary.xml"", 32, 28476288",2
pread64,83,"24, ""PK\3\4\24\0\10\10\10\0\0\0!:\0\0\0\0\0\0\0\0\0\0\0\0'\0\0\0"", 30, 28455871",2
pread64,83,"24, ""res/color/highlighted_text_mater""..., 39, 28455901",2
pread64,83,"24, ""PK\3\4\24\0\10\10\10\0\0\0!:\0\0\0\0\0\0\0\0\0\0\0\0,\0\0\0"", 30, 28456511",1
pread64,83,"24, ""res/color/hint_foreground_materi""..., 44, 28456541",1
pread64,83,"30, ""res/drawable/ic_navigation_back_""..., 41, 86992831",1
pread64,83,"24, ""PK\3\4\24\0\10\10\10\0\0\0!:\0\0\0\0\0\0\0\0\0\0\0\0'\0\0\0"", 30, 28714506",1
pread64,83,"24, ""res/interpolator/linear_out_slow""..., 39, 28714536",1
pread64,83,"24, ""PK\3\4\24\0\10\10\10\0\0\0!:\0\0\0\0\0\0\0\0\0\0\0\0'\0\0\0"", 30, 28710049",1
pread64,83,"24, ""res/interpolator/fast_out_linear""..., 39, 28710079",1
pread64,83,"24, ""PK\3\4\24\0\10\10\10\0\0\0!:\0\0\0\0\0\0\0\0\0\0\0\0\34\0\0\0"", 30, 28852163",1
pread64,83,"24, ""res/layout/screen_simple.xml"", 28, 28852193",1
pread64,83,"24, ""PK\3\4\24\0\10\10\10\0\0\0!:\0\0\0\0\0\0\0\0\0\0\0\0\27\0\0\0"", 30, 28922499",1
pread64,83,"24, ""res/transition/fade.xml"", 23, 28922529",1
pread64,83,"24, ""PK\3\4\24\0\10\10\10\0\0\0!:\0\0\0\0\0\0\0\0\0\0\0\0\27\0\0\0"", 30, 28922694",1
pread64,83,"24, ""res/transition/move.xml"", 23, 28922724",1
pread64,83,"30, ""PK\3\4\0\0\0\0\10\0\0\0\0\0\254\2230\230\213\1\0\0@\3\0\0 \0\0\0"", 30, 87603266",1
pread64,83,"30, ""res/layout/abc_screen_simple.xml"", 32, 87603296",1
pread64,83,"30, ""res/layout/abc_screen_content_in""..., 41, 87602927",1
pread64,83,"30, ""PK\3\4\0\0\0\0\10\0\0\0\0\0\221\362%L\\\3\0\0\360\v\0\0 \0\0\0"", 30, 87952328",1
pread64,83,"30, ""res/navigation/app_nav_graph.xml"", 32, 87952358",1
pread64,83,"30, ""PK\3\4\0\0\0\0\10\0\0\0\0\0\246\273\365\n=\2\0\0,\5\0\0\""\0\0\0"", 30, 87959122",1
pread64,83,"30, ""res/navigation/login_nav_graph.x""..., 34, 87959152",1
pread64,83,"30, ""PK\3\4\0\0\0\0\10\0\0\0\0\0\340\3\323k\315\2\0\0\324\7\0\0!\0\0\0"", 30, 87953250",1
pread64,83,"30, ""res/navigation/auth_nav_graph.xm""..., 33, 87953280",1
pread64,83,"30, ""PK\3\4\0\0\0\0\10\0\0\0\0\0\366\233\27<\220\2\0\0\324\6\0\0'\0\0\0"", 30, 87956777",1
pread64,83,"30, ""res/navigation/geofencing_nav_gr""..., 39, 87956807",1
pread64,83,"30, ""PK\3\4\0\0\0\0\10\0\0\0\0\0\360H\236V\36\2\0\0\270\5\0\0\36\0\0\0"", 30, 87714757",1
pread64,83,"30, ""res/layout/fragment_splash.xml"", 30, 87714787",1
pread64,83,"30, ""res/drawable/ic_pc_health.xml"", 29, 86998660",1
pread64,83,"30, ""PK\3\4\0\0\0\0\10\0\0\0\0\0\224\300I\361p\16\0\0\230&\0\0008\0\0\0"", 30, 77301647",1
pread64,83,"30, ""res/drawable-anydpi-v24/ic_power""..., 56, 77301677",1
pread64,83,"30, ""PK\3\4\0\0\0\0\10\0\0\0\0\0\356\327\351\371c\5\0\0\210\v\0\0%\0\0\0"", 30, 87026491",1
pread64,83,"30, ""res/drawable/ic_splash_backgroun""..., 37, 87026521",1
pread64,83,"30, ""res/layout/fragment_geofencing_r""..., 41, 87685501",1
pread64,83,"30, ""PK\3\4\0\0\0\0\10\0\0\0\0\0zC\352f\31=\0\0H\245\0\0(\0\0\0"", 30, 77236616",1
pread64,83,"30, ""res/drawable-anydpi-v24/ic_care_""..., 40, 77236646",1
pread64,83,"30, ""PK\3\4\0\0\0\0\10\0\0\0\0\0\221R\246<>\3\0\0\260\t\0\0\34\0\0\0"", 30, 87861680",1
pread64,83,"30, ""res/layout/widget_header.xml"", 28, 87861710",1
pread64,83,"30, ""res/layout/widget_drop_down_inpu""..., 41, 87847602",1
pread64,83,"24, ""PK\3\4\24\0\10\10\10\0\0\0!:\0\0\0\0\0\0\0\0\0\0\0\0%\0\0\0"", 30, 28923141",1
pread64,83,"24, ""res/transition/popup_window_ente""..., 37, 28923171",1
pread64,83,"24, ""PK\3\4\24\0\10\10\10\0\0\0!:\0\0\0\0\0\0\0\0\0\0\0\0$\0\0\0"", 30, 28923560",1
pread64,83,"24, ""res/transition/popup_window_exit""..., 36, 28923590",1
pread64,83,"30, ""PK\3\4\0\0\0\0\10\0\0\0\0\0\345\312_\345v\1\0\0\220\4\0\0'\0\0\0"", 30, 86874606",1
pread64,83,"30, ""res/drawable/background_input_va""..., 39, 86874636",1
pread64,83,"30, ""PK\3\4\0\0\0\0\10\0\0\0\0\0#FIP\275\1\0\0$\4\0\0\34\0\0\0"", 30, 87831947",1
pread64,83,"30, ""res/layout/widget_button.xml"", 28, 87831977",1
pread64,83,"24, ""PK\3\4\24\0\10\10\10\0\0\0!:\0\0\0\0\0\0\0\0\0\0\0\0 \0\0\0"", 30, 28406735",2
pread64,83,"24, ""res/anim/linear_interpolator.xml"", 32, 28406765",2
pread64,83,"24, ""PK\3\4\24\0\10\10\10\0\0\0!:\0\0\0\0\0\0\0\0\0\0\0\0,\0\0\0"", 30, 28412264",1
pread64,83,"24, ""res/anim/progress_indeterminate_""..., 44, 28412294",1
pread64,83,"24, ""PK\3\4\24\0\10\10\10\0\0\0!:\0\0\0\0\0\0\0\0\0\0\0\0,\0\0\0"", 30, 28716880",1
pread64,83,"24, ""res/interpolator/trim_start_inte""..., 44, 28716910",1
pread64,83,"24, ""PK\3\4\24\0\10\10\10\0\0\0!:\0\0\0\0\0\0\0\0\0\0\0\0*\0\0\0"", 30, 28716600",1
pread64,83,"24, ""res/interpolator/trim_end_interp""..., 42, 28716630",1
pread64,83,"24, ""PK\3\4\24\0\10\10\10\0\0\0!:\0\0\0\0\0\0\0\0\0\0\0\0005\0\0\0"", 30, 28412748",1
pread64,83,"24, ""res/anim/progress_indeterminate_""..., 53, 28412778",1
pread64,83,"30, ""PK\3\4\0\0\0\0\10\0\0\0\0\0^\31\320\31\373\0\0\0\0\2\0\0*\0\0\0"", 30, 86859056",1
pread64,83,"30, ""res/drawable/background_button_p""..., 42, 86859086",1
pread64,83,"30, ""PK\3\4\0\0\0\0\10\0\0\0\0\0003LZa\3\1\0\0t\2\0\0002\0\0\0"", 30, 86859717",1
pread64,83,"30, ""res/drawable/background_button_p""..., 50, 86859747",1
pread64,83,"30, ""PK\3\4\0\0\0\0\10\0\0\0\0\0\246\266\\\25\3\1\0\0t\2\0\0001\0\0\0"", 30, 86859379",1
pread64,83,"30, ""res/drawable/background_button_p""..., 49, 86859409",1
pread64,83,"30, ""PK\3\4\0\0\0\0\10\0\0\0\0\0\5+\214\355\355\0\0\0\310\1\0\0\24\0\0\0"", 30, 77168506",1
pread64,83,"30, ""res/anim/fade_in.xml"", 20, 77168536",1
pread64,83,"30, ""PK\3\4\0\0\0\0\10\0\0\0\0\0\255\327\202\355\332\0\0\0\244\1\0\0\27\0\0\0"", 30, 77178135",1
pread64,83,"30, ""res/anim/slide_down.xml"", 23, 77178165",1
pread64,83,"30, ""PK\3\4\0\0\0\0\10\0\0\0\0\0\237*\327$ \2\0\0|\4\0\0$\0\0\0"", 30, 87728195",1
pread64,83,"30, ""res/layout/item_spinner_dropdown""..., 36, 87728225",1
munmap,44,"0xea07a000, 617",1
munmap,44,"0xea07a000, 1496",1
munmap,44,"0xea07a000, 1544",1
munmap,44,"0xea07a000, 1172",2
munmap,44,"0xea07a000, 1233",2
munmap,44,"0xea07a000, 1934",1
munmap,44,"0xea07a000, 2419",1
munmap,44,"0xea07a000, 1828",1
munmap,44,"0xea07a000, 1467",1
munmap,44,"0xe9800000, 4542",1
munmap,44,"0xea07a000, 822",1
munmap,44,"0xea07a000, 1121",1
munmap,44,"0xea07a000, 2571",1
munmap,44,"0xea07a000, 2114",1
munmap,44,"0xea07a000, 3938",1
munmap,44,"0xea07a000, 2255",1
munmap,44,"0xe9800000, 4718",1
munmap,44,"0xea07a000, 4094",1
munmap,44,"0xea07a000, 3615",1
munmap,44,"0xe9002000, 8224",1
munmap,44,"0xe9176000, 5717",1
munmap,44,"0xe8db6000, 4321",1
munmap,44,"0xea07a000, 3402",1
munmap,44,"0xe8afb000, 18151",1
munmap,44,"0xea07a000, 3368",1
munmap,44,"0xea07a000, 1242",1
munmap,44,"0xea07a000, 1688",1
munmap,44,"0xea07a000, 1924",1
munmap,44,"0xea07a000, 2985",1
munmap,44,"0xea07a000, 1922",1
munmap,44,"0xea07a000, 1113",2
munmap,44,"0xea07a000, 2876",1
munmap,44,"0xe8db6000, 4187",1
munmap,44,"0xea07a000, 3904",1
munmap,44,"0xea07a000, 3275",1
munmap,44,"0xea07a000, 3699",1
munmap,44,"0xea07a000, 280",1
munmap,44,"0xea07a000, 4037",1
munmap,44,"0xe8db6000, 4249",1
munmap,44,"0xea07a000, 1574",1
munmap,44,"0xea07a000, 677",1
getrandom,14,"""\x13\x2b\x26\x2b\x31\xc1\x80\x29\xca\xeb\x99\xf3\x5c\x3a\x87\x25"", 16, 0",1
getrandom,14,"""\x92\x76\x78\xd8\x69\x66\xe1\x85\x14\xd9\x3e\xe6\x22\x49\xe3\x18"", 16, 0",1
getrandom,14,"""\xaf\xa9\xf5\x57\x66\x09\x79\x2f\x08\xe5\x16\xb9\x9e\xa4\x23\xd1"", 16, 0",1
getrandom,14,"""\x9f\x33\x1e\xf6\xd5\x6b\xe4\xd1\x70\x82\x23\xdc\x89\x98\xf9\xfb"", 16, 0",1
getrandom,14,"""\x42\xe5\xa0\xe1\x14\x62\x2c\x5b\xec\x09\x37\x1a\x8f\x12\x62\xc5"", 16, 0",1
getrandom,14,"""\x38\x42\x36\xce\x1f\x37\xde\x3d\xe5\x5d\x59\xfa\xd5\x49\x48\x3a"", 16, 0",1
getrandom,14,"""\x5d\x97\xce\xa8\x5b\x35\xe0\x50\x8e\x38\x94\x60\x92\xd6\xfc\xc3"", 16, 0",1
getrandom,14,"""\xe4\x2e\x24\x71\x9a\x74\x59\xb9\x9e\xbf\x2a\x86\xb7\x52\xf7\xfb"", 16, 0",1
getrandom,14,"""\xd2\xd6\x09\xc4\x89\x23\x04\x6c\x22\x23\x24\x21\x69\x1f\x9a\x2a"", 16, 0",1
getrandom,14,"""\xe6\x5c\x9b\xb0\x06\xc8\xca\xb5\xdb\xb9\x06\x5d"", 12, 0",1
getrandom,14,"""\x11\x6c\x1a\xeb\x2f\x9f\x52\x7a\xef\x31\xa6\x6a\x77\xc4\xf8\x34"", 16, 0",1
getrandom,14,"""\x20\xa1\xc1\x96\x00\x59\x91\x6d\xc9\x4d\x2c\xc5"", 12, 0",1
getrandom,14,"""\x35\xef\xb9\xfc\xe8\x2b\x7a\x70\x07\x6f\xd5\x93"", 12, 0",1
getrandom,14,"""\x3c\xf5\x79\x4f\x7c\xa2\x5c\xaf\x2c\xdc\xfa\xbd"", 12, 0",1
writev,93,"3, [{iov_base=""\2\244gXh\326_\266@\321("", iov_len=11}, {iov_base=""Fu\0\0"", iov_len=4}, {iov_base=""\3\3\0\0\0\0\0\2(\0\0\0life.league.roadrunn""..., iov_len=72}], 3",1
writev,93,"3, [{iov_base=""\3\244gXh\326_\211\237\2235"", iov_len=11}, {iov_base=""\5"", iov_len=1}, {iov_base=""ViewRootImpl[MainActivity]\0"", iov_len=27}, {iov_base=""Dropping event due to no window ""..., iov_len=215}], 4",1
writev,93,"3, [{iov_base=""\3\244gXh\326_!\323\2555"", iov_len=11}, {iov_base=""\5"", iov_len=1}, {iov_base=""ViewRootImpl[MainActivity]\0"", iov_len=27}, {iov_base=""Cancelling event due to no windo""..., iov_len=216}], 4",1
writev,93,"3, [{iov_base=""\3\244gXh\326_\374\200\2765"", iov_len=11}, {iov_base=""\5"", iov_len=1}, {iov_base=""ViewRootImpl[MainActivity]\0"", iov_len=27}, {iov_base=""Cancelling event due to no windo""..., iov_len=216}], 4",1
writev,93,"3, [{iov_base=""\3\244gXh\326_=\264\3605"", iov_len=11}, {iov_base=""\5"", iov_len=1}, {iov_base=""ViewRootImpl[MainActivity]\0"", iov_len=27}, {iov_base=""Cancelling event due to no windo""..., iov_len=216}], 4",1
writev,93,"3, [{iov_base=""\3\244gXh\326_\261\372\0276"", iov_len=11}, {iov_base=""\5"", iov_len=1}, {iov_base=""ViewRootImpl[MainActivity]\0"", iov_len=27}, {iov_base=""Cancelling event due to no windo""..., iov_len=216}], 4",1
writev,93,"3, [{iov_base=""\3\244gXh\326_M\216\0346"", iov_len=11}, {iov_base=""\5"", iov_len=1}, {iov_base=""ViewRootImpl[MainActivity]\0"", iov_len=27}, {iov_base=""Cancelling event due to no windo""..., iov_len=216}], 4",1
writev,93,"3, [{iov_base=""\3\244gXh\326_\v\364!6"", iov_len=11}, {iov_base=""\5"", iov_len=1}, {iov_base=""ViewRootImpl[MainActivity]\0"", iov_len=27}, {iov_base=""Cancelling event due to no windo""..., iov_len=216}], 4",1
writev,93,"3, [{iov_base=""\3\244gXh\326_\263\350*6"", iov_len=11}, {iov_base=""\5"", iov_len=1}, {iov_base=""ViewRootImpl[MainActivity]\0"", iov_len=27}, {iov_base=""Cancelling event due to no windo""..., iov_len=216}], 4",1
writev,93,"3, [{iov_base=""\3\244gXh\326_\301Q/6"", iov_len=11}, {iov_base=""\5"", iov_len=1}, {iov_base=""ViewRootImpl[MainActivity]\0"", iov_len=27}, {iov_base=""Cancelling event due to no windo""..., iov_len=216}], 4",1
writev,93,"3, [{iov_base=""\3\244gXh\326_{\36436"", iov_len=11}, {iov_base=""\5"", iov_len=1}, {iov_base=""ViewRootImpl[MainActivity]\0"", iov_len=27}, {iov_base=""Cancelling event due to no windo""..., iov_len=216}], 4",1
writev,93,"3, [{iov_base=""\3\244gXh\326_~6M6"", iov_len=11}, {iov_base=""\5"", iov_len=1}, {iov_base=""ViewRootImpl[MainActivity]\0"", iov_len=27}, {iov_base=""Dropping event due to no window ""..., iov_len=228}], 4",1
writev,93,"3, [{iov_base=""\3\244gXh\326_;\240Z6"", iov_len=11}, {iov_base=""\5"", iov_len=1}, {iov_base=""ViewRootImpl[MainActivity]\0"", iov_len=27}, {iov_base=""Cancelling event due to no windo""..., iov_len=229}], 4",1
writev,93,"3, [{iov_base=""\3\244gXh\326_SRf6"", iov_len=11}, {iov_base=""\5"", iov_len=1}, {iov_base=""ViewRootImpl[MainActivity]\0"", iov_len=27}, {iov_base=""Cancelling event due to no windo""..., iov_len=229}], 4",1
writev,93,"3, [{iov_base=""\3\244gXh\326_\236\1m6"", iov_len=11}, {iov_base=""\5"", iov_len=1}, {iov_base=""ViewRootImpl[MainActivity]\0"", iov_len=27}, {iov_base=""Cancelling event due to no windo""..., iov_len=229}], 4",1
writev,93,"3, [{iov_base=""\3\244gXh\326_\360\30r6"", iov_len=11}, {iov_base=""\5"", iov_len=1}, {iov_base=""ViewRootImpl[MainActivity]\0"", iov_len=27}, {iov_base=""Cancelling event due to no windo""..., iov_len=229}], 4",1
writev,93,"3, [{iov_base=""\3\244gXh\326__a\2016"", iov_len=11}, {iov_base=""\5"", iov_len=1}, {iov_base=""ViewRootImpl[MainActivity]\0"", iov_len=27}, {iov_base=""Cancelling event due to no windo""..., iov_len=229}], 4",1
writev,93,"3, [{iov_base=""\3\244gXh\326_\225\347\2046"", iov_len=11}, {iov_base=""\5"", iov_len=1}, {iov_base=""ViewRootImpl[MainActivity]\0"", iov_len=27}, {iov_base=""Cancelling event due to no windo""..., iov_len=229}], 4",1
writev,93,"3, [{iov_base=""\3\244gXh\326_7\256\2176"", iov_len=11}, {iov_base=""\5"", iov_len=1}, {iov_base=""ViewRootImpl[MainActivity]\0"", iov_len=27}, {iov_base=""Cancelling event due to no windo""..., iov_len=229}], 4",1
writev,93,"3, [{iov_base=""\3\244gXh\326_\263\30\2266"", iov_len=11}, {iov_base=""\5"", iov_len=1}, {iov_base=""ViewRootImpl[MainActivity]\0"", iov_len=27}, {iov_base=""Cancelling event due to no windo""..., iov_len=229}], 4",1
writev,93,"3, [{iov_base=""\3\244gXh\326_V\353\2326"", iov_len=11}, {iov_base=""\5"", iov_len=1}, {iov_base=""ViewRootImpl[MainActivity]\0"", iov_len=27}, {iov_base=""Cancelling event due to no windo""..., iov_len=229}], 4",1
writev,93,"3, [{iov_base=""\3\244gXh\326_\310\325\2536"", iov_len=11}, {iov_base=""\5"", iov_len=1}, {iov_base=""ViewRootImpl[MainActivity]\0"", iov_len=27}, {iov_base=""Dropping event due to no window ""..., iov_len=216}], 4",1
writev,93,"3, [{iov_base=""\3\244gXh\326_\r\5\2676"", iov_len=11}, {iov_base=""\5"", iov_len=1}, {iov_base=""ViewRootImpl[MainActivity]\0"", iov_len=27}, {iov_base=""Cancelling event due to no windo""..., iov_len=217}], 4",1
writev,93,"3, [{iov_base=""\3\244gXh\326_$\243\2726"", iov_len=11}, {iov_base=""\5"", iov_len=1}, {iov_base=""ViewRootImpl[MainActivity]\0"", iov_len=27}, {iov_base=""Cancelling event due to no windo""..., iov_len=217}], 4",1
writev,93,"3, [{iov_base=""\3\244gXh\326_\22\243\2746"", iov_len=11}, {iov_base=""\5"", iov_len=1}, {iov_base=""ViewRootImpl[MainActivity]\0"", iov_len=27}, {iov_base=""Cancelling event due to no windo""..., iov_len=217}], 4",1
writev,93,"3, [{iov_base=""\3\244gXh\326_\263\353\2766"", iov_len=11}, {iov_base=""\5"", iov_len=1}, {iov_base=""ViewRootImpl[MainActivity]\0"", iov_len=27}, {iov_base=""Cancelling event due to no windo""..., iov_len=217}], 4",1
writev,93,"3, [{iov_base=""\3\244gXh\326_\2432\3016"", iov_len=11}, {iov_base=""\5"", iov_len=1}, {iov_base=""ViewRootImpl[MainActivity]\0"", iov_len=27}, {iov_base=""Cancelling event due to no windo""..., iov_len=217}], 4",1
writev,93,"3, [{iov_base=""\3\244gXh\326_K7\3036"", iov_len=11}, {iov_base=""\5"", iov_len=1}, {iov_base=""ViewRootImpl[MainActivity]\0"", iov_len=27}, {iov_base=""Cancelling event due to no windo""..., iov_len=217}], 4",1
writev,93,"3, [{iov_base=""\3\244gXh\326_\347\210\3106"", iov_len=11}, {iov_base=""\5"", iov_len=1}, {iov_base=""ViewRootImpl[MainActivity]\0"", iov_len=27}, {iov_base=""Cancelling event due to no windo""..., iov_len=217}], 4",1
writev,93,"3, [{iov_base=""\3\244gXh\326_p\20\3146"", iov_len=11}, {iov_base=""\5"", iov_len=1}, {iov_base=""ViewRootImpl[MainActivity]\0"", iov_len=27}, {iov_base=""Cancelling event due to no windo""..., iov_len=217}], 4",1
writev,93,"3, [{iov_base=""\3\244gXh\326_o{\3416"", iov_len=11}, {iov_base=""\5"", iov_len=1}, {iov_base=""ViewRootImpl[MainActivity]\0"", iov_len=27}, {iov_base=""Cancelling event due to no windo""..., iov_len=217}], 4",1
writev,93,"3, [{iov_base=""\3\244gXh\326_\2677\3536"", iov_len=11}, {iov_base=""\5"", iov_len=1}, {iov_base=""ViewRootImpl[MainActivity]\0"", iov_len=27}, {iov_base=""Dropping event due to no window ""..., iov_len=219}], 4",1
writev,93,"3, [{iov_base=""\3\244gXh\326_Q\232\3626"", iov_len=11}, {iov_base=""\5"", iov_len=1}, {iov_base=""ViewRootImpl[MainActivity]\0"", iov_len=27}, {iov_base=""Cancelling event due to no windo""..., iov_len=220}], 4",1
writev,93,"3, [{iov_base=""\3\244gXh\326_/3\3706"", iov_len=11}, {iov_base=""\5"", iov_len=1}, {iov_base=""ViewRootImpl[MainActivity]\0"", iov_len=27}, {iov_base=""Cancelling event due to no windo""..., iov_len=220}], 4",1
writev,93,"3, [{iov_base=""\3\244gXh\326_S\10\3766"", iov_len=11}, {iov_base=""\5"", iov_len=1}, {iov_base=""ViewRootImpl[MainActivity]\0"", iov_len=27}, {iov_base=""Cancelling event due to no windo""..., iov_len=220}], 4",1
writev,93,"3, [{iov_base=""\3\244gXh\326_L\376\3776"", iov_len=11}, {iov_base=""\5"", iov_len=1}, {iov_base=""ViewRootImpl[MainActivity]\0"", iov_len=27}, {iov_base=""Cancelling event due to no windo""..., iov_len=220}], 4",1
writev,93,"3, [{iov_base=""\3\244gXh\326_\271\322\0017"", iov_len=11}, {iov_base=""\5"", iov_len=1}, {iov_base=""ViewRootImpl[MainActivity]\0"", iov_len=27}, {iov_base=""Cancelling event due to no windo""..., iov_len=220}], 4",1
writev,93,"3, [{iov_base=""\3\244gXh\326_\302\216\0037"", iov_len=11}, {iov_base=""\5"", iov_len=1}, {iov_base=""ViewRootImpl[MainActivity]\0"", iov_len=27}, {iov_base=""Cancelling event due to no windo""..., iov_len=220}], 4",1
writev,93,"3, [{iov_base=""\3\244gXh\326_\353\3\0107"", iov_len=11}, {iov_base=""\5"", iov_len=1}, {iov_base=""ViewRootImpl[MainActivity]\0"", iov_len=27}, {iov_base=""Cancelling event due to no windo""..., iov_len=220}], 4",1
writev,93,"3, [{iov_base=""\3\244gXh\326_\32\331\t7"", iov_len=11}, {iov_base=""\5"", iov_len=1}, {iov_base=""ViewRootImpl[MainActivity]\0"", iov_len=27}, {iov_base=""Cancelling event due to no windo""..., iov_len=220}], 4",1
writev,93,"3, [{iov_base=""\3\244gXh\326_\372\223\v7"", iov_len=11}, {iov_base=""\5"", iov_len=1}, {iov_base=""ViewRootImpl[MainActivity]\0"", iov_len=27}, {iov_base=""Cancelling event due to no windo""..., iov_len=220}], 4",1
writev,93,"3, [{iov_base=""\3\244gXh\326_\264\360\0237"", iov_len=11}, {iov_base=""\5"", iov_len=1}, {iov_base=""ViewRootImpl[MainActivity]\0"", iov_len=27}, {iov_base=""Dropping event due to no window ""..., iov_len=217}], 4",1
writev,93,"3, [{iov_base=""\3\244gXh\326_\277\300\0347"", iov_len=11}, {iov_base=""\5"", iov_len=1}, {iov_base=""ViewRootImpl[MainActivity]\0"", iov_len=27}, {iov_base=""Cancelling event due to no windo""..., iov_len=218}], 4",1
writev,93,"3, [{iov_base=""\3\244gXh\326_\264\370 7"", iov_len=11}, {iov_base=""\5"", iov_len=1}, {iov_base=""ViewRootImpl[MainActivity]\0"", iov_len=27}, {iov_base=""Cancelling event due to no windo""..., iov_len=218}], 4",1
writev,93,"3, [{iov_base=""\3\244gXh\326_\204\33#7"", iov_len=11}, {iov_base=""\5"", iov_len=1}, {iov_base=""ViewRootImpl[MainActivity]\0"", iov_len=27}, {iov_base=""Cancelling event due to no windo""..., iov_len=218}], 4",1
writev,93,"3, [{iov_base=""\3\244gXh\326_\31l%7"", iov_len=11}, {iov_base=""\5"", iov_len=1}, {iov_base=""ViewRootImpl[MainActivity]\0"", iov_len=27}, {iov_base=""Cancelling event due to no windo""..., iov_len=218}], 4",1
writev,93,"3, [{iov_base=""\3\244gXh\326_!{'7"", iov_len=11}, {iov_base=""\5"", iov_len=1}, {iov_base=""ViewRootImpl[MainActivity]\0"", iov_len=27}, {iov_base=""Cancelling event due to no windo""..., iov_len=218}], 4",1
writev,93,"3, [{iov_base=""\3\244gXh\326_\233\263+7"", iov_len=11}, {iov_base=""\5"", iov_len=1}, {iov_base=""ViewRootImpl[MainActivity]\0"", iov_len=27}, {iov_base=""Cancelling event due to no windo""..., iov_len=218}], 4",1
writev,93,"3, [{iov_base=""\3\244gXh\326_\27\22307"", iov_len=11}, {iov_base=""\5"", iov_len=1}, {iov_base=""ViewRootImpl[MainActivity]\0"", iov_len=27}, {iov_base=""Cancelling event due to no windo""..., iov_len=218}], 4",1
writev,93,"3, [{iov_base=""\3\244gXh\326_\227\03437"", iov_len=11}, {iov_base=""\5"", iov_len=1}, {iov_base=""ViewRootImpl[MainActivity]\0"", iov_len=27}, {iov_base=""Cancelling event due to no windo""..., iov_len=218}], 4",1
writev,93,"3, [{iov_base=""\3\244gXh\326_\320!57"", iov_len=11}, {iov_base=""\5"", iov_len=1}, {iov_base=""ViewRootImpl[MainActivity]\0"", iov_len=27}, {iov_base=""Cancelling event due to no windo""..., iov_len=218}], 4",1
writev,93,"3, [{iov_base=""\3\244gXh\326_\33c=7"", iov_len=11}, {iov_base=""\5"", iov_len=1}, {iov_base=""ViewRootImpl[MainActivity]\0"", iov_len=27}, {iov_base=""Dropping event due to no window ""..., iov_len=218}], 4",1
writev,93,"3, [{iov_base=""\3\244gXh\326_\374\35J7"", iov_len=11}, {iov_base=""\5"", iov_len=1}, {iov_base=""ViewRootImpl[MainActivity]\0"", iov_len=27}, {iov_base=""Cancelling event due to no windo""..., iov_len=219}], 4",1
writev,93,"3, [{iov_base=""\3\244gXh\326_&&N7"", iov_len=11}, {iov_base=""\5"", iov_len=1}, {iov_base=""ViewRootImpl[MainActivity]\0"", iov_len=27}, {iov_base=""Cancelling event due to no windo""..., iov_len=219}], 4",1
writev,93,"3, [{iov_base=""\3\244gXh\326_\5\rQ7"", iov_len=11}, {iov_base=""\5"", iov_len=1}, {iov_base=""ViewRootImpl[MainActivity]\0"", iov_len=27}, {iov_base=""Cancelling event due to no windo""..., iov_len=219}], 4",1
writev,93,"3, [{iov_base=""\3\244gXh\326_\223.S7"", iov_len=11}, {iov_base=""\5"", iov_len=1}, {iov_base=""ViewRootImpl[MainActivity]\0"", iov_len=27}, {iov_base=""Cancelling event due to no windo""..., iov_len=219}], 4",1
writev,93,"3, [{iov_base=""\3\244gXh\326_\271sU7"", iov_len=11}, {iov_base=""\5"", iov_len=1}, {iov_base=""ViewRootImpl[MainActivity]\0"", iov_len=27}, {iov_base=""Cancelling event due to no windo""..., iov_len=219}], 4",1
writev,93,"3, [{iov_base=""\3\244gXh\326_\327\346X7"", iov_len=11}, {iov_base=""\5"", iov_len=1}, {iov_base=""ViewRootImpl[MainActivity]\0"", iov_len=27}, {iov_base=""Cancelling event due to no windo""..., iov_len=219}], 4",1
writev,93,"3, [{iov_base=""\3\244gXh\326_\351\305`7"", iov_len=11}, {iov_base=""\5"", iov_len=1}, {iov_base=""ViewRootImpl[MainActivity]\0"", iov_len=27}, {iov_base=""Cancelling event due to no windo""..., iov_len=219}], 4",1
writev,93,"3, [{iov_base=""\3\244gXh\326_4\313b7"", iov_len=11}, {iov_base=""\5"", iov_len=1}, {iov_base=""ViewRootImpl[MainActivity]\0"", iov_len=27}, {iov_base=""Cancelling event due to no windo""..., iov_len=219}], 4",1
writev,93,"3, [{iov_base=""\3\244gXh\326_O!e7"", iov_len=11}, {iov_base=""\5"", iov_len=1}, {iov_base=""ViewRootImpl[MainActivity]\0"", iov_len=27}, {iov_base=""Cancelling event due to no windo""..., iov_len=219}], 4",1
writev,93,"3, [{iov_base=""\3\244gXh\326_\231\271\1777"", iov_len=11}, {iov_base=""\5"", iov_len=1}, {iov_base=""ViewRootImpl[MainActivity]\0"", iov_len=27}, {iov_base=""Dropping event due to no window ""..., iov_len=219}], 4",1
writev,93,"3, [{iov_base=""\3\244gXh\326_\26\250\2437"", iov_len=11}, {iov_base=""\5"", iov_len=1}, {iov_base=""ViewRootImpl[MainActivity]\0"", iov_len=27}, {iov_base=""Cancelling event due to no windo""..., iov_len=220}], 4",1
writev,93,"3, [{iov_base=""\3\244gXh\326_bA\2477"", iov_len=11}, {iov_base=""\5"", iov_len=1}, {iov_base=""ViewRootImpl[MainActivity]\0"", iov_len=27}, {iov_base=""Cancelling event due to no windo""..., iov_len=220}], 4",1
writev,93,"3, [{iov_base=""\3\244gXh\326_3\205\2517"", iov_len=11}, {iov_base=""\5"", iov_len=1}, {iov_base=""ViewRootImpl[MainActivity]\0"", iov_len=27}, {iov_base=""Cancelling event due to no windo""..., iov_len=220}], 4",1
writev,93,"3, [{iov_base=""\3\244gXh\326_\314\376\2557"", iov_len=11}, {iov_base=""\5"", iov_len=1}, {iov_base=""ViewRootImpl[MainActivity]\0"", iov_len=27}, {iov_base=""Cancelling event due to no windo""..., iov_len=220}], 4",1
writev,93,"3, [{iov_base=""\3\244gXh\326_n\374\2667"", iov_len=11}, {iov_base=""\5"", iov_len=1}, {iov_base=""ViewRootImpl[MainActivity]\0"", iov_len=27}, {iov_base=""Cancelling event due to no windo""..., iov_len=220}], 4",1
writev,93,"3, [{iov_base=""\3\244gXh\326_\232z\2727"", iov_len=11}, {iov_base=""\5"", iov_len=1}, {iov_base=""ViewRootImpl[MainActivity]\0"", iov_len=27}, {iov_base=""Cancelling event due to no windo""..., iov_len=220}], 4",1
writev,93,"3, [{iov_base=""\3\244gXh\326_\2\234\3047"", iov_len=11}, {iov_base=""\5"", iov_len=1}, {iov_base=""ViewRootImpl[MainActivity]\0"", iov_len=27}, {iov_base=""Cancelling event due to no windo""..., iov_len=220}], 4",1
writev,93,"3, [{iov_base=""\3\244gXh\326_m(\3117"", iov_len=11}, {iov_base=""\5"", iov_len=1}, {iov_base=""ViewRootImpl[MainActivity]\0"", iov_len=27}, {iov_base=""Cancelling event due to no windo""..., iov_len=220}], 4",1
writev,93,"3, [{iov_base=""\3\244gXh\326_\t\215\3177"", iov_len=11}, {iov_base=""\5"", iov_len=1}, {iov_base=""ViewRootImpl[MainActivity]\0"", iov_len=27}, {iov_base=""Cancelling event due to no windo""..., iov_len=220}], 4",1
writev,93,"3, [{iov_base=""\3\244gXh\326_2\24\3337"", iov_len=11}, {iov_base=""\5"", iov_len=1}, {iov_base=""ViewRootImpl[MainActivity]\0"", iov_len=27}, {iov_base=""Dropping event due to no window ""..., iov_len=218}], 4",1
writev,93,"3, [{iov_base=""\3\244gXh\326_\3151\3677"", iov_len=11}, {iov_base=""\5"", iov_len=1}, {iov_base=""ViewRootImpl[MainActivity]\0"", iov_len=27}, {iov_base=""Cancelling event due to no windo""..., iov_len=219}], 4",1
writev,93,"3, [{iov_base=""\3\244gXh\326_\10\216\0208"", iov_len=11}, {iov_base=""\5"", iov_len=1}, {iov_base=""ViewRootImpl[MainActivity]\0"", iov_len=27}, {iov_base=""Cancelling event due to no windo""..., iov_len=219}], 4",1
writev,93,"3, [{iov_base=""\3\244gXh\326_vF\0258"", iov_len=11}, {iov_base=""\5"", iov_len=1}, {iov_base=""ViewRootImpl[MainActivity]\0"", iov_len=27}, {iov_base=""Cancelling event due to no windo""..., iov_len=219}], 4",1
writev,93,"3, [{iov_base=""\3\244gXh\326_\255\254>8"", iov_len=11}, {iov_base=""\5"", iov_len=1}, {iov_base=""ViewRootImpl[MainActivity]\0"", iov_len=27}, {iov_base=""Cancelling event due to no windo""..., iov_len=219}], 4",1
writev,93,"3, [{iov_base=""\3\244gXh\326_]\256A8"", iov_len=11}, {iov_base=""\5"", iov_len=1}, {iov_base=""ViewRootImpl[MainActivity]\0"", iov_len=27}, {iov_base=""Cancelling event due to no windo""..., iov_len=219}], 4",1
writev,93,"3, [{iov_base=""\3\244gXh\326_\16\204H8"", iov_len=11}, {iov_base=""\5"", iov_len=1}, {iov_base=""ViewRootImpl[MainActivity]\0"", iov_len=27}, {iov_base=""Cancelling event due to no windo""..., iov_len=219}], 4",1
writev,93,"3, [{iov_base=""\3\244gXh\326_\34\224V8"", iov_len=11}, {iov_base=""\5"", iov_len=1}, {iov_base=""ViewRootImpl[MainActivity]\0"", iov_len=27}, {iov_base=""Cancelling event due to no windo""..., iov_len=219}], 4",1
writev,93,"3, [{iov_base=""\3\244gXh\326_}\227X8"", iov_len=11}, {iov_base=""\5"", iov_len=1}, {iov_base=""ViewRootImpl[MainActivity]\0"", iov_len=27}, {iov_base=""Cancelling event due to no windo""..., iov_len=219}], 4",1
writev,93,"3, [{iov_base=""\3\244gXh\326_*PZ8"", iov_len=11}, {iov_base=""\5"", iov_len=1}, {iov_base=""ViewRootImpl[MainActivity]\0"", iov_len=27}, {iov_base=""Cancelling event due to no windo""..., iov_len=219}], 4",1
writev,93,"3, [{iov_base=""\3\244gXh\326_\227\340\3168"", iov_len=11}, {iov_base=""\5"", iov_len=1}, {iov_base=""ViewRootImpl[MainActivity]\0"", iov_len=27}, {iov_base=""Dropping event due to no window ""..., iov_len=299}], 4",1
writev,93,"3, [{iov_base=""\3\244gZh\326_\372\306\7\16"", iov_len=11}, {iov_base=""\5"", iov_len=1}, {iov_base=""ViewRootImpl[MainActivity]\0"", iov_len=27}, {iov_base=""Dropping event due to no window ""..., iov_len=299}], 4",1
writev,93,"3, [{iov_base=""\3\244gZh\326_\360\324\374\34"", iov_len=11}, {iov_base=""\5"", iov_len=1}, {iov_base=""ViewRootImpl[MainActivity]\0"", iov_len=27}, {iov_base=""Dropping event due to no window ""..., iov_len=216}], 4",1
writev,93,"3, [{iov_base=""\3\244gZh\326_\24\220 \35"", iov_len=11}, {iov_base=""\5"", iov_len=1}, {iov_base=""ViewRootImpl[MainActivity]\0"", iov_len=27}, {iov_base=""Cancelling event due to no windo""..., iov_len=217}], 4",1
writev,93,"3, [{iov_base=""\3\244gZh\326_\371\201:\35"", iov_len=11}, {iov_base=""\5"", iov_len=1}, {iov_base=""ViewRootImpl[MainActivity]\0"", iov_len=27}, {iov_base=""Cancelling event due to no windo""..., iov_len=217}], 4",1
writev,93,"3, [{iov_base=""\3\244gZh\326_\361\222D\35"", iov_len=11}, {iov_base=""\5"", iov_len=1}, {iov_base=""ViewRootImpl[MainActivity]\0"", iov_len=27}, {iov_base=""Cancelling event due to no windo""..., iov_len=217}], 4",1
writev,93,"3, [{iov_base=""\3\244gZh\326_\270\255\7\36"", iov_len=11}, {iov_base=""\5"", iov_len=1}, {iov_base=""ViewRootImpl[MainActivity]\0"", iov_len=27}, {iov_base=""Cancelling event due to no windo""..., iov_len=217}], 4",1
writev,93,"3, [{iov_base=""\3\244gZh\326_}\301\17\36"", iov_len=11}, {iov_base=""\5"", iov_len=1}, {iov_base=""ViewRootImpl[MainActivity]\0"", iov_len=27}, {iov_base=""Cancelling event due to no windo""..., iov_len=217}], 4",1
writev,93,"3, [{iov_base=""\3\244gZh\326_\220\23\27\36"", iov_len=11}, {iov_base=""\5"", iov_len=1}, {iov_base=""ViewRootImpl[MainActivity]\0"", iov_len=27}, {iov_base=""Cancelling event due to no windo""..., iov_len=217}], 4",1
writev,93,"3, [{iov_base=""\3\244gZh\326_\\\227.\36"", iov_len=11}, {iov_base=""\5"", iov_len=1}, {iov_base=""ViewRootImpl[MainActivity]\0"", iov_len=27}, {iov_base=""Cancelling event due to no windo""..., iov_len=217}], 4",1
writev,93,"3, [{iov_base=""\3\244gZh\326_\211\2?\36"", iov_len=11}, {iov_base=""\5"", iov_len=1}, {iov_base=""ViewRootImpl[MainActivity]\0"", iov_len=27}, {iov_base=""Cancelling event due to no windo""..., iov_len=217}], 4",1
writev,93,"3, [{iov_base=""\3\244gZh\326_\345,P\36"", iov_len=11}, {iov_base=""\5"", iov_len=1}, {iov_base=""ViewRootImpl[MainActivity]\0"", iov_len=27}, {iov_base=""Cancelling event due to no windo""..., iov_len=217}], 4",1
dup,4,49,4
fcntl64,4,"59, F_SETFL, O_RDONLY|O_NONBLOCK",1
fcntl64,4,"60, F_SETFL, O_RDONLY|O_NONBLOCK",2
fcntl64,4,"64, F_SETFL, O_RDONLY|O_NONBLOCK",1
epoll_ctl,5,"29, EPOLL_CTL_ADD, 59, {EPOLLIN, {u32=59, u64=59}}",1
epoll_ctl,5,"29, EPOLL_CTL_ADD, 60, {EPOLLIN, {u32=60, u64=60}}",1
epoll_ctl,5,"29, EPOLL_CTL_DEL, 60, NULL",1
epoll_ctl,5,"29, EPOLL_CTL_ADD, 64, {EPOLLIN, {u32=64, u64=64}}",1
epoll_ctl,5,"29, EPOLL_CTL_DEL, 64, NULL",1
recvfrom,125,"53, ""nysv\0\0\0\0\240?\335\357,\206\0\0004\251\2\0\0\0\0\0"", 2400, MSG_DONTWAIT, NULL, NULL",1
recvfrom,125,"53, ""nysv\0\0\0\0\356\221\307\374,\206\0\0006\251\2\0\0\0\0\0"", 2400, MSG_DONTWAIT, NULL, NULL",1
recvfrom,125,"59, ""\1\0\0\0\0\0\0\0\366\373\0\0\0\0\0\0\0GG\353,\206\0\0\377\377\377\377\1\1\0\0""..., 2264, MSG_DONTWAIT, NULL, NULL",1
recvfrom,125,"59, ""\1\0\0\0\0\0\0\0\370\373\0\0\0\0\0\0\0\374\242\375,\206\0\0\377\377\377\377\1\1\0\0""..., 2264, MSG_DONTWAIT, NULL, NULL",1
recvfrom,125,"59, ""\2\0\0\0\210\31\263\350\374\373\0\0\300\23\262\350@1\""\4-\206\0\0\0\0\0\0\2\20\0\0""..., 2264, MSG_DONTWAIT, NULL, NULL",1
recvfrom,125,"59, ""\2\0\0\0\210\31\263\350\376\373\0\0\300\23\262\350\0\370O\4-\206\0\0\0\0\0\0\2\20\0\0""..., 2264, MSG_DONTWAIT, NULL, NULL",1
recvfrom,125,"59, ""\1\0\0\0\0\0\0\0\0\374\0\0\0\0\0\0\300\276}\4-\206\0\0\377\377\377\377\1\1\0\0""..., 2264, MSG_DONTWAIT, NULL, NULL",1
recvfrom,125,"59, ""\1\0\0\0\0\0\0\0\2\374\0\0\0\0\0\0\200\205\253\4-\206\0\0\377\377\377\377\1\1\0\0""..., 2264, MSG_DONTWAIT, NULL, NULL",1
recvfrom,125,"59, ""\1\0\0\0\0\0\0\0\21\374\0\0\0\0\0\0\300\320\367\4-\206\0\0\377\377\377\377\1\1\0\0""..., 2264, MSG_DONTWAIT, NULL, NULL",1
recvfrom,125,"59, ""\1\0\0\0\0\0\0\0\23\374\0\0\0\0\0\0\0\23\7\5-\206\0\0\377\377\377\377\1\1\0\0""..., 2264, MSG_DONTWAIT, NULL, NULL",1
recvfrom,125,"59, ""\1\0\0\0\0\0\0\0\25\374\0\0\0\0\0\0@U\26\5-\206\0\0\377\377\377\377\1\1\0\0""..., 2264, MSG_DONTWAIT, NULL, NULL",1
recvfrom,125,"59, ""\1\0\0\0\0\0\0\0\27\374\0\0\0\0\0\0@^S\5-\206\0\0\377\377\377\377\1\1\0\0""..., 2264, MSG_DONTWAIT, NULL, NULL",1
recvfrom,125,"59, ""\1\0\0\0\0\0\0\0\31\374\0\0\0\0\0\0@^S\5-\206\0\0\377\377\377\377\1\1\0\0""..., 2264, MSG_DONTWAIT, NULL, NULL",1
recvfrom,125,"59, ""\1\0\0\0\0\0\0\0\33\374\0\0\0\0\0\0\0%\201\5-\206\0\0\377\377\377\377\1\1\0\0""..., 2264, MSG_DONTWAIT, NULL, NULL",1
recvfrom,125,"59, ""\1\0\0\0\0\0\0\0\35\374\0\0\0\0\0\0\0%\201\5-\206\0\0\377\377\377\377\1\1\0\0""..., 2264, MSG_DONTWAIT, NULL, NULL",1
recvfrom,125,"59, ""\1\0\0\0\0\0\0\0\37\374\0\0\0\0\0\0\200\251\237\5-\206\0\0\377\377\377\377\1\1\0\0""..., 2264, MSG_DONTWAIT, NULL, NULL",1
recvfrom,125,"59, ""\1\0\0\0\0\0\0\0!\374\0\0\0\0\0\0\300\353\256\5-\206\0\0\377\377\377\377\1\1\0\0""..., 2264, MSG_DONTWAIT, NULL, NULL",1
recvfrom,125,"59, ""\1\0\0\0\0\0\0\0#\374\0\0\0\0\0\0\200\262\334\5-\206\0\0\377\377\377\377\1\1\0\0""..., 2264, MSG_DONTWAIT, NULL, NULL",1
recvfrom,125,"59, ""\1\0\0\0\0\0\0\0%\374\0\0\0\0\0\0\300\364\353\5-\206\0\0\377\377\377\377\1\1\0\0""..., 2264, MSG_DONTWAIT, NULL, NULL",1
recvfrom,125,"59, ""\1\0\0\0\0\0\0\0'\374\0\0\0\0\0\0\0@8\6-\206\0\0\377\377\377\377\1\1\0\0""..., 2264, MSG_DONTWAIT, NULL, NULL",1
recvfrom,125,"59, ""\2\0\0\0\210\31\263\350+\374\0\0\300\23\262\350\200\304V\6-\206\0\0\0\0\0\0\2\20\0\0""..., 2264, MSG_DONTWAIT, NULL, NULL",1
recvfrom,125,"59, ""\2\0\0\0\210\31\263\350-\374\0\0\300\23\262\350\300\6f\6-\206\0\0\0\0\0\0\2\20\0\0""..., 2264, MSG_DONTWAIT, NULL, NULL",1
recvfrom,125,"59, ""\2\0\0\0\210\31\263\350/\374\0\0\300\23\262\350\300\6f\6-\206\0\0\0\0\0\0\4\0\1\0""..., 2264, MSG_DONTWAIT, NULL, NULL",1
recvfrom,125,"59, ""\2\0\0\0\210\31\263\3501\374\0\0\300\23\262\350@\213\204\6-\206\0\0\0\0\0\0\4\0\1\0""..., 2264, MSG_DONTWAIT, NULL, NULL",1
recvfrom,125,"59, ""\2\0\0\0\210\31\263\3503\374\0\0\300\23\262\350\200\315\223\6-\206\0\0\0\0\0\0\4\0\1\0""..., 2264, MSG_DONTWAIT, NULL, NULL",1
recvfrom,125,"59, ""\2\0\0\0\210\31\263\3505\374\0\0\300\23\262\350\300\17\243\6-\206\0\0\0\0\0\0\4\0\1\0""..., 2264, MSG_DONTWAIT, NULL, NULL",1
recvfrom,125,"59, ""\2\0\0\0\210\31\263\3507\374\0\0\300\23\262\350\0R\262\6-\206\0\0\0\0\0\0\4\0\1\0""..., 2264, MSG_DONTWAIT, NULL, NULL",1
recvfrom,125,"59, ""\2\0\0\0\210\31\263\3509\374\0\0\300\23\262\350@\224\301\6-\206\0\0\0\0\0\0\4\0\1\0""..., 2264, MSG_DONTWAIT, NULL, NULL",1
recvfrom,125,"59, ""\2\0\0\0\210\31\263\350;\374\0\0\300\23\262\350@\235\376\6-\206\0\0\0\0\0\0\4\0\1\0""..., 2264, MSG_DONTWAIT, NULL, NULL",1
recvfrom,125,"59, ""\2\0\0\0\210\31\263\350=\374\0\0\300\23\262\350@\235\376\6-\206\0\0\0\0\0\0\4\0\1\0""..., 2264, MSG_DONTWAIT, NULL, NULL",1
recvfrom,125,"59, ""\2\0\0\0\210\31\263\350?\374\0\0\300\23\262\350@\235\376\6-\206\0\0\0\0\0\0\4\0\1\0""..., 2264, MSG_DONTWAIT, NULL, NULL",1
recvfrom,125,"59, ""\2\0\0\0\210\31\263\350A\374\0\0\300\23\262\350\200\337\r\7-\206\0\0\0\0\0\0\4\0\1\0""..., 2264, MSG_DONTWAIT, NULL, NULL",1
recvfrom,125,"53, ""nysv\0\0\0\0-\374\263\7-\206\0\0A\251\2\0\0\0\0\0"", 2400, MSG_DONTWAIT, NULL, NULL",1
recvfrom,125,"60, ""\3\0\0\0\220\212\r\350\1\0\0\0\0\7\377\347"", 2264, MSG_DONTWAIT, NULL, NULL",1
recvfrom,125,"60, ""\3\0\0\0\220\212\r\350\2\0\0\0\0\7\377\347"", 2264, MSG_DONTWAIT, NULL, NULL",1
recvfrom,125,"60, ""\3\0\0\0\220\212\r\350\3\0\0\0\0\7\377\347"", 2264, MSG_DONTWAIT, NULL, NULL",1
recvfrom,125,"60, ""\3\0\0\0\220\212\r\350\4\0\0\0\0\7\377\347"", 2264, MSG_DONTWAIT, NULL, NULL",1
recvfrom,125,"60, ""\3\0\0\0\220\212\r\350\5\0\0\0\0\7\377\347"", 2264, MSG_DONTWAIT, NULL, NULL",1
recvfrom,125,"60, ""\3\0\0\0\220\212\r\350\6\0\0\0\0\7\377\347"", 2264, MSG_DONTWAIT, NULL, NULL",1
recvfrom,125,"60, ""\3\0\0\0\220\212\r\350\7\0\0\0\0\7\377\347"", 2264, MSG_DONTWAIT, NULL, NULL",1
recvfrom,125,"60, ""\3\0\0\0\220\212\r\350\10\0\0\0\0\7\377\347"", 2264, MSG_DONTWAIT, NULL, NULL",1
recvfrom,125,"60, ""\3\0\0\0\220\212\r\350\t\0\0\0\0\7\377\347"", 2264, MSG_DONTWAIT, NULL, NULL",1
recvfrom,125,"53, ""nysv\0\0\0\0\242\17\230\25-\206\0\0E\251\2\0\0\0\0\0"", 2400, MSG_DONTWAIT, NULL, NULL",1
recvfrom,125,"59, ""\1\0\0\0\0\0\0\0C\374\0\0\0\0\0\0\200\337\r\7-\206\0\0\377\377\377\377\1\1\0\0""..., 2264, MSG_DONTWAIT, NULL, NULL",1
recvfrom,125,"60, ""\3\0\0\0\234\367\201\351\n\0\0\0\0\36\365\377"", 2264, MSG_DONTWAIT, NULL, NULL",1
recvfrom,125,"60, ""\3\0\0\0\234\367\201\351\v\0\0\0\0\36\365\377"", 2264, MSG_DONTWAIT, NULL, NULL",1
recvfrom,125,"60, ""\3\0\0\0\234\367\201\351\f\0\0\0\0\36\365\377"", 2264, MSG_DONTWAIT, NULL, NULL",1
recvfrom,125,"59, ""\1\0\0\0\0\0\0\0E\374\0\0\0\0\0\0@[\227\31-\206\0\0\377\377\377\377\1\1\0\0""..., 2264, MSG_DONTWAIT, NULL, NULL",1
recvfrom,125,"60, ""\3\0\0\0\234\367\201\351\r\0\0\0\0\36\365\377"", 2264, MSG_DONTWAIT, NULL, NULL",1
recvfrom,125,"53, ""nysv\0\0\0\0i\300\220\32-\206\0\0I\251\2\0\0\0\0\0"", 2400, MSG_DONTWAIT, NULL, NULL",1
recvfrom,125,"53, ""nysv\0\0\0\0,\323\215\34-\206\0\0K\251\2\0\0\0\0\0"", 2400, MSG_DONTWAIT, NULL, NULL",1
recvfrom,125,"59, ""\1\0\0\0\0\0\0\0G\374\0\0\0\0\0\0\300\361/\32-\206\0\0\377\377\377\377\1\1\0\0""..., 2264, MSG_DONTWAIT, NULL, NULL",1
recvfrom,125,"59, ""\1\0\0\0\31\0\0\0I\374\0\0\16\0\0\0\31\\1%-\206\0\0\377\377\377\377\1\1\0\0""..., 2264, MSG_DONTWAIT, NULL, NULL",1
recvfrom,125,"64, ""\3\0\0\0\234\367\201\351\1\0\0\0\0\36\365\377"", 2264, MSG_DONTWAIT, NULL, NULL",1
recvfrom,125,"64, ""\3\0\0\0\234\367\201\351\2\0\0\0\0\36\365\377"", 2264, MSG_DONTWAIT, NULL, NULL",1
recvfrom,125,"53, ""nysv\0\0\0\0\v\210}&-\206\0\0M\251\2\0\0\0\0\0"", 2400, MSG_DONTWAIT, NULL, NULL",1
recvfrom,125,"59, ""\1\0\0\0\0\0\0\0\30\376\0\0\0\0\0\0\300\376\310P-\206\0\0\377\377\377\377\1\1\0\0""..., 2264, MSG_DONTWAIT, NULL, NULL",1
recvfrom,125,"64, ""\3\0\0\0\234\367\201\351\3\0\0\0\0\36\365\377"", 2264, MSG_DONTWAIT, NULL, NULL",1
recvfrom,125,"59, ""\1\0\0\0\220\212\r\350\30\376\0\0\5\0\0\0\300\376\310P-\206\0\0\377\377\377\377\1\1\0\0""..., 2264, MSG_DONTWAIT, NULL, NULL",1
recvfrom,125,"64, ""\3\0\0\0\234\367\201\351\4\0\0\0\0\36\365\377"", 2264, MSG_DONTWAIT, NULL, NULL",1
recvfrom,125,"59, ""\1\0\0\0\0\0\0\0\32\376\0\0\0\0\0\0\300\376\310P-\206\0\0\377\377\377\377\1\1\0\0""..., 2264, MSG_DONTWAIT, NULL, NULL",1
recvfrom,125,"64, ""\3\0\0\0\234\367\201\351\5\0\0\0\0\36\365\377"", 2264, MSG_DONTWAIT, NULL, NULL",1
recvfrom,125,"59, ""\1\0\0\0\220\212\r\350\32\376\0\0\5\0\0\0\300\376\310P-\206\0\0\377\377\377\377\1\1\0\0""..., 2264, MSG_DONTWAIT, NULL, NULL",1
recvfrom,125,"53, ""nysv\0\0\0\0\33U.Q-\206\0\0o\251\2\0\0\0\0\0"", 2400, MSG_DONTWAIT, NULL, NULL",1
recvfrom,125,"64, ""\3\0\0\0\234\367\201\351\6\0\0\0\0\36\365\377"", 2264, MSG_DONTWAIT, NULL, NULL",1
recvfrom,125,"59, ""\1\0\0\0\0\0\0\0\""\376\0\0\0\0\0\0\200\3163Q-\206\0\0\377\377\377\377\1\1\0\0""..., 2264, MSG_DONTWAIT, NULL, NULL",1
recvfrom,125,"64, ""\3\0\0\0\234\367\201\351\7\0\0\0\0\36\365\377"", 2264, MSG_DONTWAIT, NULL, NULL",1
recvfrom,125,"59, ""\1\0\0\0\0\0\0\0$\376\0\0\0\0\0\0\0SRQ-\206\0\0\377\377\377\377\1\1\0\0""..., 2264, MSG_DONTWAIT, NULL, NULL",1
recvfrom,125,"59, ""\2\0\0\0\210\31\263\350&\376\0\0\300\23\262\350\300\""\275Q-\206\0\0\0\0\0\0\4\0\1\0""..., 2264, MSG_DONTWAIT, NULL, NULL",1
recvfrom,125,"59, ""\2\0\0\0\210\31\263\350(\376\0\0\300\23\262\350\300\""\275Q-\206\0\0\0\0\0\0\4\0\1\0""..., 2264, MSG_DONTWAIT, NULL, NULL",1
recvfrom,125,"59, ""\2\0\0\0\210\31\263\350*\376\0\0\300\23\262\350\0e\314Q-\206\0\0\0\0\0\0\4\0\1\0""..., 2264, MSG_DONTWAIT, NULL, NULL",1
recvfrom,125,"59, ""\2\0\0\0\210\31\263\350,\376\0\0\300\23\262\350\0e\314Q-\206\0\0\0\0\0\0\4\0\1\0""..., 2264, MSG_DONTWAIT, NULL, NULL",1
recvfrom,125,"59, ""\2\0\0\0\210\31\263\350.\376\0\0\300\23\262\350@\247\333Q-\206\0\0\0\0\0\0\4\0\1\0""..., 2264, MSG_DONTWAIT, NULL, NULL",1
recvfrom,125,"59, ""\2\0\0\0\210\31\263\3500\376\0\0\300\23\262\350\200\351\352Q-\206\0\0\0\0\0\0\4\0\1\0""..., 2264, MSG_DONTWAIT, NULL, NULL",1
recvfrom,125,"59, ""\2\0\0\0\210\31\263\3502\376\0\0\300\23\262\350\200\351\352Q-\206\0\0\0\0\0\0\4\0\1\0""..., 2264, MSG_DONTWAIT, NULL, NULL",1
recvfrom,125,"59, ""\2\0\0\0\210\31\263\3504\376\0\0\300\23\262\350\300+\372Q-\206\0\0\0\0\0\0\4\0\1\0""..., 2264, MSG_DONTWAIT, NULL, NULL",1
recvfrom,125,"59, ""\2\0\0\0\210\31\263\3506\376\0\0\300\23\262\350\300+\372Q-\206\0\0\0\0\0\0\4\0\1\0""..., 2264, MSG_DONTWAIT, NULL, NULL",1
recvfrom,125,"64, ""\3\0\0\0\234\367\201\351\10\0\0\0\0\36\365\377"", 2264, MSG_DONTWAIT, NULL, NULL",1
recvfrom,125,"59, ""\2\0\0\0\210\31\263\3508\376\0\0\300\23\262\350\0n\tR-\206\0\0\0\0\0\0\4\0\1\0""..., 2264, MSG_DONTWAIT, NULL, NULL",1
recvfrom,125,"59, ""\2\0\0\0\210\31\263\350:\376\0\0\300\23\262\350\0n\tR-\206\0\0\0\0\0\0\4\0\1\0""..., 2264, MSG_DONTWAIT, NULL, NULL",1
recvfrom,125,"59, ""\2\0\0\0\210\31\263\350<\376\0\0\300\23\262\350@\260\30R-\206\0\0\0\0\0\0\4\0\1\0""..., 2264, MSG_DONTWAIT, NULL, NULL",1
recvfrom,125,"53, ""nysv\0\0\0\0\246\364,R-\206\0\0p\251\2\0\0\0\0\0"", 2400, MSG_DONTWAIT, NULL, NULL",1
recvfrom,125,"59, ""\2\0\0\0\210\31\263\350>\376\0\0\300\23\262\350\200\362'R-\206\0\0\0\0\0\0\4\0\1\0""..., 2264, MSG_DONTWAIT, NULL, NULL",1
recvfrom,125,"59, ""\2\0\0\0\210\31\263\350@\376\0\0\300\23\262\350\30047R-\206\0\0\0\0\0\0\4\0\1\0""..., 2264, MSG_DONTWAIT, NULL, NULL",1
recvfrom,125,"59, ""\2\0\0\0\210\31\263\350B\376\0\0\300\23\262\350\30047R-\206\0\0\0\0\0\0\4\0\1\0""..., 2264, MSG_DONTWAIT, NULL, NULL",1
recvfrom,125,"59, ""\2\0\0\0\210\31\263\350D\376\0\0\300\23\262\350\0wFR-\206\0\0\0\0\0\0\4\0\1\0""..., 2264, MSG_DONTWAIT, NULL, NULL",1
recvfrom,125,"59, ""\2\0\0\0\210\31\263\350F\376\0\0\300\23\262\350@\271UR-\206\0\0\0\0\0\0\4\0\1\0""..., 2264, MSG_DONTWAIT, NULL, NULL",1
recvfrom,125,"64, ""\3\0\0\0\220\212\r\350\t\0\0\0\0\7\377\347"", 2264, MSG_DONTWAIT, NULL, NULL",1
recvfrom,125,"64, ""\3\0\0\0\220\212\r\350\n\0\0\0\0\7\377\347"", 2264, MSG_DONTWAIT, NULL, NULL",1
recvfrom,125,"64, ""\3\0\0\0\220\212\r\350\v\0\0\0\0\7\377\347"", 2264, MSG_DONTWAIT, NULL, NULL",1
recvfrom,125,"64, ""\3\0\0\0\220\212\r\350\f\0\0\0\0\7\377\347"", 2264, MSG_DONTWAIT, NULL, NULL",1
recvfrom,125,"64, ""\3\0\0\0\220\212\r\350\r\0\0\0\0\7\377\347"", 2264, MSG_DONTWAIT, NULL, NULL",1
recvfrom,125,"59, ""\2\0\0\0\210\31\263\350H\376\0\0\300\23\262\350@\271UR-\206\0\0\0\0\0\0\4\0\1\0""..., 2264, MSG_DONTWAIT, NULL, NULL",1
recvfrom,125,"59, ""\2\0\0\0\210\31\263\350J\376\0\0\300\23\262\350\200\373dR-\206\0\0\0\0\0\0\4\0\1\0""..., 2264, MSG_DONTWAIT, NULL, NULL",1
recvfrom,125,"59, ""\2\0\0\0\210\31\263\350L\376\0\0\300\23\262\350\200\373dR-\206\0\0\0\0\0\0\4\0\1\0""..., 2264, MSG_DONTWAIT, NULL, NULL",1
recvfrom,125,"59, ""\2\0\0\0\210\31\263\350N\376\0\0\300\23\262\350\300=tR-\206\0\0\0\0\0\0\4\0\1\0""..., 2264, MSG_DONTWAIT, NULL, NULL",1
recvfrom,125,"59, ""\2\0\0\0\210\31\263\350P\376\0\0\300\23\262\350\0\200\203R-\206\0\0\0\0\0\0\4\0\1\0""..., 2264, MSG_DONTWAIT, NULL, NULL",1
recvfrom,125,"59, ""\2\0\0\0\210\31\263\350R\376\0\0\300\23\262\350\0\200\203R-\206\0\0\0\0\0\0\4\0\1\0""..., 2264, MSG_DONTWAIT, NULL, NULL",1
recvfrom,125,"59, ""\2\0\0\0\210\31\263\350T\376\0\0\300\23\262\350@\302\222R-\206\0\0\0\0\0\0\4\0\1\0""..., 2264, MSG_DONTWAIT, NULL, NULL",1
recvfrom,125,"59, ""\2\0\0\0\210\31\263\350V\376\0\0\300\23\262\350@\302\222R-\206\0\0\0\0\0\0\4\0\1\0""..., 2264, MSG_DONTWAIT, NULL, NULL",1
recvfrom,125,"64, ""\3\0\0\0\234\367\201\351\16\0\0\0\0\36\365\377"", 2264, MSG_DONTWAIT, NULL, NULL",1
recvfrom,125,"64, ""\3\0\0\0\234\367\201\351\17\0\0\0\0\36\365\377"", 2264, MSG_DONTWAIT, NULL, NULL",1
recvfrom,125,"64, ""\3\0\0\0\234\367\201\351\20\0\0\0\0\36\365\377"", 2264, MSG_DONTWAIT, NULL, NULL",1
recvfrom,125,"64, ""\3\0\0\0\234\367\201\351\21\0\0\0\0\36\365\377"", 2264, MSG_DONTWAIT, NULL, NULL",1
recvfrom,125,"64, ""\3\0\0\0\234\367\201\351\22\0\0\0\0\36\365\377"", 2264, MSG_DONTWAIT, NULL, NULL",1
recvfrom,125,"64, ""\3\0\0\0\234\367\201\351\23\0\0\0\0\36\365\377"", 2264, MSG_DONTWAIT, NULL, NULL",1
recvfrom,125,"64, ""\3\0\0\0\234\367\201\351\24\0\0\0\0\36\365\377"", 2264, MSG_DONTWAIT, NULL, NULL",1
recvfrom,125,"64, ""\3\0\0\0\234\367\201\351\25\0\0\0\0\36\365\377"", 2264, MSG_DONTWAIT, NULL, NULL",1
recvfrom,125,"53, ""nysv\0\0\0\0005\225+S-\206\0\0q\251\2\0\0\0\0\0"", 2400, MSG_DONTWAIT, NULL, NULL",1
recvfrom,125,"53, ""nysv\0\0\0\0\305\224\36\\-\206\0\0z\251\2\0\0\0\0\0"", 2400, MSG_DONTWAIT, NULL, NULL",1
recvfrom,125,"53, ""nysv\0\0\0\0\361\275\33^-\206\0\0|\251\2\0\0\0\0\0"", 2400, MSG_DONTWAIT, NULL, NULL",1
recvfrom,125,"53, ""nysv\0\0\0\0QR\32_-\206\0\0}\251\2\0\0\0\0\0"", 2400, MSG_DONTWAIT, NULL, NULL",1
recvfrom,125,"53, ""nysv\0\0\0\0B\342\30`-\206\0\0~\251\2\0\0\0\0\0"", 2400, MSG_DONTWAIT, NULL, NULL",1
recvfrom,125,"59, ""\1\0\0\0\0\0\0\0e\377\0\0\0\0\0\0\0\311\2b-\206\0\0\377\377\377\377\1\1\0\0""..., 2264, MSG_DONTWAIT, NULL, NULL",1
recvfrom,125,"59, ""\1\0\0\0\0\0\0\0g\377\0\0\0\0\0\0@\24Ob-\206\0\0\377\377\377\377\1\1\0\0""..., 2264, MSG_DONTWAIT, NULL, NULL",1
recvfrom,125,"53, ""nysv\0\0\0\0\324\222\24c-\206\0\0\201\251\2\0\0\0\0\0"", 2400, MSG_DONTWAIT, NULL, NULL",1
recvfrom,125,"64, ""\3\0\0\0\234\367\201\351\26\0\0\0\0\36\365\377"", 2264, MSG_DONTWAIT, NULL, NULL",1
recvfrom,125,"53, ""nysv\0\0\0\0003\260\21e-\206\0\0\203\251\2\0\0\0\0\0"", 2400, MSG_DONTWAIT, NULL, NULL",1
recvfrom,125,"53, ""nysv\0\0\0\0\304;\20f-\206\0\0\204\251\2\0\0\0\0\0"", 2400, MSG_DONTWAIT, NULL, NULL",1
recvfrom,125,"53, ""nysv\0\0\0\0\254\307\16g-\206\0\0\205\251\2\0\0\0\0\0"", 2400, MSG_DONTWAIT, NULL, NULL",1
recvfrom,125,"53, ""nysv\0\0\0\0\321P\rh-\206\0\0\206\251\2\0\0\0\0\0"", 2400, MSG_DONTWAIT, NULL, NULL",1
recvfrom,125,"53, ""nysv\0\0\0\0\262\332\vi-\206\0\0\207\251\2\0\0\0\0\0"", 2400, MSG_DONTWAIT, NULL, NULL",1
recvfrom,125,"53, ""nysv\0\0\0\0\177_\nj-\206\0\0\210\251\2\0\0\0\0\0"", 2400, MSG_DONTWAIT, NULL, NULL",1
recvfrom,125,"53, ""nysv\0\0\0\0\215\320\373r-\206\0\0\213\251\2\0\0\0\0\0"", 2400, MSG_DONTWAIT, NULL, NULL",1
recvfrom,125,"53, ""nysv\0\0\0\0Z\240\306\224-\206\0\0\244\251\2\0\0\0\0\0"", 2400, MSG_DONTWAIT, NULL, NULL",1
sendto,102,"59, ""\3\0\0\0\220\212\r\350\366\373\0\0\0\234\0\350"", 16, MSG_DONTWAIT|MSG_NOSIGNAL, NULL, 0",1
sendto,102,"59, ""\3\0\0\0\273\303\327\347\370\373\0\0\0o\377\347"", 16, MSG_DONTWAIT|MSG_NOSIGNAL, NULL, 0",1
sendto,102,"59, ""\3\0\0\0\0@\207D\374\373\0\0\1\260ip"", 16, MSG_DONTWAIT|MSG_NOSIGNAL, NULL, 0",1
sendto,102,"59, ""\3\0\0\0\0\0\0\0\376\373\0\0\1\25\316r"", 16, MSG_DONTWAIT|MSG_NOSIGNAL, NULL, 0",1
sendto,102,"59, ""\3\0\0\0\220\33\365\377\0\374\0\0\0\20\262\350"", 16, MSG_DONTWAIT|MSG_NOSIGNAL, NULL, 0",1
sendto,102,"59, ""\3\0\0\0\273\303\327\347\2\374\0\0\0o\377\347"", 16, MSG_DONTWAIT|MSG_NOSIGNAL, NULL, 0",1
sendto,102,"59, ""\3\0\0\0\220\212\r\350\21\374\0\0\0\315\316\347"", 16, MSG_DONTWAIT|MSG_NOSIGNAL, NULL, 0",1
sendto,102,"59, ""\3\0\0\0\273\303\327\347\23\374\0\0\0o\377\347"", 16, MSG_DONTWAIT|MSG_NOSIGNAL, NULL, 0",1
sendto,102,"59, ""\3\0\0\0\220\212\r\350\25\374\0\0\0\315\316\347"", 16, MSG_DONTWAIT|MSG_NOSIGNAL, NULL, 0",1
sendto,102,"59, ""\3\0\0\0\273\303\327\347\27\374\0\0\0o\377\347"", 16, MSG_DONTWAIT|MSG_NOSIGNAL, NULL, 0",1
sendto,102,"59, ""\3\0\0\0\220\212\r\350\31\374\0\0\0\315\316\347"", 16, MSG_DONTWAIT|MSG_NOSIGNAL, NULL, 0",1
sendto,102,"59, ""\3\0\0\0\273\303\327\347\33\374\0\0\0o\377\347"", 16, MSG_DONTWAIT|MSG_NOSIGNAL, NULL, 0",1
sendto,102,"59, ""\3\0\0\0\220\212\r\350\35\374\0\0\0\315\316\347"", 16, MSG_DONTWAIT|MSG_NOSIGNAL, NULL, 0",1
sendto,102,"59, ""\3\0\0\0\273\303\327\347\37\374\0\0\0o\377\347"", 16, MSG_DONTWAIT|MSG_NOSIGNAL, NULL, 0",1
sendto,102,"59, ""\3\0\0\0\220\212\r\350!\374\0\0\0\315\316\347"", 16, MSG_DONTWAIT|MSG_NOSIGNAL, NULL, 0",1
sendto,102,"59, ""\3\0\0\0\273\303\327\347#\374\0\0\0o\377\347"", 16, MSG_DONTWAIT|MSG_NOSIGNAL, NULL, 0",1
sendto,102,"59, ""\3\0\0\0\220\212\r\350%\374\0\0\0\315\316\347"", 16, MSG_DONTWAIT|MSG_NOSIGNAL, NULL, 0",1
sendto,102,"59, ""\3\0\0\0\273\303\327\347'\374\0\0\0o\377\347"", 16, MSG_DONTWAIT|MSG_NOSIGNAL, NULL, 0",1
sendto,102,"59, ""\3\0\0\0\0\0\277D+\374\0\0\1\260ip"", 16, MSG_DONTWAIT|MSG_NOSIGNAL, NULL, 0",1
sendto,102,"59, ""\3\0\0\0\0\0\0\0-\374\0\0\1\25\316r"", 16, MSG_DONTWAIT|MSG_NOSIGNAL, NULL, 0",1
sendto,102,"59, ""\3\0\0\0\30\366'\23/\374\0\0\0\365\""r"", 16, MSG_DONTWAIT|MSG_NOSIGNAL, NULL, 0",1
sendto,102,"60, ""\2\0\0\0\0 \31\350\1\0\0\0\300U\20\315@\213\204\6-\206\0\0\0\0\0\0\4\0\1\0""..., 224, MSG_DONTWAIT|MSG_NOSIGNAL, NULL, 0",1
sendto,102,"60, ""\2\0\0\0\0 \31\350\2\0\0\0\300U\20\315\200\315\223\6-\206\0\0\0\0\0\0\4\0\1\0""..., 224, MSG_DONTWAIT|MSG_NOSIGNAL, NULL, 0",1
sendto,102,"60, ""\2\0\0\0\0 \31\350\3\0\0\0\300U\20\315\300\17\243\6-\206\0\0\0\0\0\0\4\0\1\0""..., 224, MSG_DONTWAIT|MSG_NOSIGNAL, NULL, 0",1
sendto,102,"60, ""\2\0\0\0\0 \31\350\4\0\0\0\300U\20\315\0R\262\6-\206\0\0\0\0\0\0\4\0\1\0""..., 224, MSG_DONTWAIT|MSG_NOSIGNAL, NULL, 0",1
sendto,102,"60, ""\2\0\0\0\0 \31\350\5\0\0\0\300U\20\315@\224\301\6-\206\0\0\0\0\0\0\4\0\1\0""..., 224, MSG_DONTWAIT|MSG_NOSIGNAL, NULL, 0",1
sendto,102,"60, ""\2\0\0\0\0 \31\350\6\0\0\0\300U\20\315@\235\376\6-\206\0\0\0\0\0\0\4\0\1\0""..., 224, MSG_DONTWAIT|MSG_NOSIGNAL, NULL, 0",1
sendto,102,"60, ""\2\0\0\0\0 \31\350\7\0\0\0\300U\20\315@\235\376\6-\206\0\0\0\0\0\0\4\0\1\0""..., 224, MSG_DONTWAIT|MSG_NOSIGNAL, NULL, 0",1
sendto,102,"60, ""\2\0\0\0\0 \31\350\10\0\0\0\300U\20\315@\235\376\6-\206\0\0\0\0\0\0\4\0\1\0""..., 224, MSG_DONTWAIT|MSG_NOSIGNAL, NULL, 0",1
sendto,102,"60, ""\2\0\0\0\0 \31\350\t\0\0\0\300U\20\315\200\337\r\7-\206\0\0\0\0\0\0\4\0\1\0""..., 224, MSG_DONTWAIT|MSG_NOSIGNAL, NULL, 0",1
sendto,102,"59, ""\3\0\0\0\v\0\0\0001\374\0\0\1\0\0\0"", 16, MSG_DONTWAIT|MSG_NOSIGNAL, NULL, 0",1
sendto,102,"59, ""\3\0\0\0\v\0\0\0003\374\0\0\1\0\0\0"", 16, MSG_DONTWAIT|MSG_NOSIGNAL, NULL, 0",1
sendto,102,"59, ""\3\0\0\0\v\0\0\0005\374\0\0\1\0\0\0"", 16, MSG_DONTWAIT|MSG_NOSIGNAL, NULL, 0",1
sendto,102,"59, ""\3\0\0\0\v\0\0\0007\374\0\0\1\0\0\0"", 16, MSG_DONTWAIT|MSG_NOSIGNAL, NULL, 0",1
sendto,102,"59, ""\3\0\0\0\v\0\0\0009\374\0\0\1\0\0\0"", 16, MSG_DONTWAIT|MSG_NOSIGNAL, NULL, 0",1
sendto,102,"59, ""\3\0\0\0\v\0\0\0;\374\0\0\1\0\0\0"", 16, MSG_DONTWAIT|MSG_NOSIGNAL, NULL, 0",1
sendto,102,"59, ""\3\0\0\0\v\0\0\0=\374\0\0\1\0\0\0"", 16, MSG_DONTWAIT|MSG_NOSIGNAL, NULL, 0",1
sendto,102,"59, ""\3\0\0\0\v\0\0\0?\374\0\0\1\0\0\0"", 16, MSG_DONTWAIT|MSG_NOSIGNAL, NULL, 0",1
sendto,102,"59, ""\3\0\0\0\v\0\0\0A\374\0\0\1\0\0\0"", 16, MSG_DONTWAIT|MSG_NOSIGNAL, NULL, 0",1
sendto,102,"60, ""\1\0\0\0\305>\377q\n\0\0\0\270;+\316@RZ\31-\206\0\0\377\377\377\377\1\1\0\0""..., 64, MSG_DONTWAIT|MSG_NOSIGNAL, NULL, 0",1
sendto,102,"60, ""\1\0\0\0\305>\377q\v\0\0\0\270;+\316@RZ\31-\206\0\0\377\377\377\377\1\1\0\0""..., 64, MSG_DONTWAIT|MSG_NOSIGNAL, NULL, 0",1
sendto,102,"60, ""\1\0\0\0\305>\377q\f\0\0\0\270;+\316\200\337\r\7-\206\0\0\377\377\377\377\1\1\0\0""..., 64, MSG_DONTWAIT|MSG_NOSIGNAL, NULL, 0",1
sendto,102,"59, ""\3\0\0\0\273\303\327\347C\374\0\0\0o\377\347"", 16, MSG_DONTWAIT|MSG_NOSIGNAL, NULL, 0",1
sendto,102,"60, ""\1\0\0\0\20\34\365\377\r\0\0\0\330\r\2\315@[\227\31-\206\0\0\377\377\377\377\1\1\0\0""..., 64, MSG_DONTWAIT|MSG_NOSIGNAL, NULL, 0",1
sendto,102,"59, ""\3\0\0\0\273\303\327\347E\374\0\0\0o\377\347"", 16, MSG_DONTWAIT|MSG_NOSIGNAL, NULL, 0",1
sendto,102,"64, ""\1\0\0\0\220\33\365\377\1\0\0\0\0\0\0\0\300\361/\32-\206\0\0\377\377\377\377\1\1\0\0""..., 64, MSG_DONTWAIT|MSG_NOSIGNAL, NULL, 0",1
sendto,102,"64, ""\1\0\0\0\220\33\365\377\2\0\0\0\0\0\0\0\300\217'%-\206\0\0\377\377\377\377\1\1\0\0""..., 64, MSG_DONTWAIT|MSG_NOSIGNAL, NULL, 0",1
sendto,102,"59, ""\3\0\0\0\220\212\r\350G\374\0\0\1S\256\347"", 16, MSG_DONTWAIT|MSG_NOSIGNAL, NULL, 0",1
sendto,102,"59, ""\3\0\0\0\273\303\327\347I\374\0\0\1o\377\347"", 16, MSG_DONTWAIT|MSG_NOSIGNAL, NULL, 0",1
sendto,102,"64, ""\1\0\0\0X\324u\23\3\0\0\0\0\0\0\0\300\376\310P-\206\0\0\377\377\377\377\1\1\0\0""..., 64, MSG_DONTWAIT|MSG_NOSIGNAL, NULL, 0",1
sendto,102,"59, ""\3\0\0\0\273\303\327\347\30\376\0\0\0o\377\347"", 16, MSG_DONTWAIT|MSG_NOSIGNAL, NULL, 0",2
sendto,102,"64, ""\1\0\0\0\20\34\365\377\4\0\0\0\330\r\2\315\300\376\310P-\206\0\0\377\377\377\377\1\1\0\0""..., 64, MSG_DONTWAIT|MSG_NOSIGNAL, NULL, 0",1
sendto,102,"64, ""\1\0\0\0~_\364\347\5\0\0\0\330\r\2\315\300\376\310P-\206\0\0\377\377\377\377\1\1\0\0""..., 64, MSG_DONTWAIT|MSG_NOSIGNAL, NULL, 0",1
sendto,102,"59, ""\3\0\0\0\273\303\327\347\32\376\0\0\0o\377\347"", 16, MSG_DONTWAIT|MSG_NOSIGNAL, NULL, 0",2
sendto,102,"64, ""\1\0\0\0\20\34\365\377\6\0\0\0\350\16\2\315\300\376\310P-\206\0\0\377\377\377\377\1\1\0\0""..., 64, MSG_DONTWAIT|MSG_NOSIGNAL, NULL, 0",1
sendto,102,"64, ""\1\0\0\0\220\212\r\350\7\0\0\0\1\0\0\0\200\3163Q-\206\0\0\377\377\377\377\1\1\0\0""..., 64, MSG_DONTWAIT|MSG_NOSIGNAL, NULL, 0",1
sendto,102,"59, ""\3\0\0\0\273\303\327\347\""\376\0\0\0o\377\347"", 16, MSG_DONTWAIT|MSG_NOSIGNAL, NULL, 0",1
sendto,102,"64, ""\1\0\0\0~_\364\347\10\0\0\0\330\r\2\315\0SRQ-\206\0\0\377\377\377\377\1\1\0\0""..., 64, MSG_DONTWAIT|MSG_NOSIGNAL, NULL, 0",1
sendto,102,"59, ""\3\0\0\0\273\303\327\347$\376\0\0\0o\377\347"", 16, MSG_DONTWAIT|MSG_NOSIGNAL, NULL, 0",1
sendto,102,"64, ""\2\0\0\0\340\34\365\377\t\0\0\0\0\0\0\0\300\""\275Q-\206\0\0\0\0\0\0\4\0\1\0""..., 224, MSG_DONTWAIT|MSG_NOSIGNAL, NULL, 0",1
sendto,102,"64, ""\2\0\0\0\340\34\365\377\n\0\0\0\0\0\0\0\300\""\275Q-\206\0\0\0\0\0\0\4\0\1\0""..., 224, MSG_DONTWAIT|MSG_NOSIGNAL, NULL, 0",1
sendto,102,"64, ""\2\0\0\0\340\34\365\377\v\0\0\0\0\0\0\0\0e\314Q-\206\0\0\0\0\0\0\4\0\1\0""..., 224, MSG_DONTWAIT|MSG_NOSIGNAL, NULL, 0",1
sendto,102,"64, ""\2\0\0\0\340\34\365\377\f\0\0\0\0\0\0\0\0e\314Q-\206\0\0\0\0\0\0\4\0\1\0""..., 224, MSG_DONTWAIT|MSG_NOSIGNAL, NULL, 0",1
sendto,102,"64, ""\2\0\0\0\340\34\365\377\r\0\0\0\0\0\0\0@\247\333Q-\206\0\0\0\0\0\0\4\0\1\0""..., 224, MSG_DONTWAIT|MSG_NOSIGNAL, NULL, 0",1
sendto,102,"59, ""\3\0\0\0\v\0\0\0&\376\0\0\1\0\0\0"", 16, MSG_DONTWAIT|MSG_NOSIGNAL, NULL, 0",1
sendto,102,"59, ""\3\0\0\0\v\0\0\0(\376\0\0\1\0\0\0"", 16, MSG_DONTWAIT|MSG_NOSIGNAL, NULL, 0",1
sendto,102,"59, ""\3\0\0\0\v\0\0\0*\376\0\0\1\0\0\0"", 16, MSG_DONTWAIT|MSG_NOSIGNAL, NULL, 0",1
sendto,102,"59, ""\3\0\0\0\v\0\0\0,\376\0\0\1\0\0\0"", 16, MSG_DONTWAIT|MSG_NOSIGNAL, NULL, 0",1
sendto,102,"59, ""\3\0\0\0\v\0\0\0.\376\0\0\1\0\0\0"", 16, MSG_DONTWAIT|MSG_NOSIGNAL, NULL, 0",1
sendto,102,"64, ""\1\0\0\0\0\0\0\0\16\0\0\0H2\34\23@\302\222R-\206\0\0\377\377\377\377\1\1\0\0""..., 64, MSG_DONTWAIT|MSG_NOSIGNAL, NULL, 0",1
sendto,102,"64, ""\1\0\0\0\0\0\0\0\17\0\0\0H2\34\23@\302\222R-\206\0\0\377\377\377\377\1\1\0\0""..., 64, MSG_DONTWAIT|MSG_NOSIGNAL, NULL, 0",1
sendto,102,"64, ""\1\0\0\0\0\0\0\0\20\0\0\0H2\34\23@\302\222R-\206\0\0\377\377\377\377\1\1\0\0""..., 64, MSG_DONTWAIT|MSG_NOSIGNAL, NULL, 0",1
sendto,102,"64, ""\1\0\0\0\0\0\0\0\21\0\0\0H2\34\23@\302\222R-\206\0\0\377\377\377\377\1\1\0\0""..., 64, MSG_DONTWAIT|MSG_NOSIGNAL, NULL, 0",1
sendto,102,"64, ""\1\0\0\0\0\0\0\0\22\0\0\0H2\34\23@\302\222R-\206\0\0\377\377\377\377\1\1\0\0""..., 64, MSG_DONTWAIT|MSG_NOSIGNAL, NULL, 0",1
sendto,102,"64, ""\1\0\0\0\0\0\0\0\23\0\0\0H2\34\23@\302\222R-\206\0\0\377\377\377\377\1\1\0\0""..., 64, MSG_DONTWAIT|MSG_NOSIGNAL, NULL, 0",1
sendto,102,"64, ""\1\0\0\0\0\0\0\0\24\0\0\0H2\34\23@\302\222R-\206\0\0\377\377\377\377\1\1\0\0""..., 64, MSG_DONTWAIT|MSG_NOSIGNAL, NULL, 0",1
sendto,102,"64, ""\1\0\0\0\0\0\0\0\25\0\0\0H2\34\23@\302\222R-\206\0\0\377\377\377\377\1\1\0\0""..., 64, MSG_DONTWAIT|MSG_NOSIGNAL, NULL, 0",1
sendto,102,"59, ""\3\0\0\0t\5\222\3400\376\0\0\0004\373\347"", 16, MSG_DONTWAIT|MSG_NOSIGNAL, NULL, 0",1
sendto,102,"59, ""\3\0\0\0t\5\222\3402\376\0\0\0004\373\347"", 16, MSG_DONTWAIT|MSG_NOSIGNAL, NULL, 0",1
sendto,102,"59, ""\3\0\0\0t\5\222\3404\376\0\0\0004\373\347"", 16, MSG_DONTWAIT|MSG_NOSIGNAL, NULL, 0",1
sendto,102,"59, ""\3\0\0\0t\5\222\3406\376\0\0\0004\373\347"", 16, MSG_DONTWAIT|MSG_NOSIGNAL, NULL, 0",1
sendto,102,"59, ""\3\0\0\0t\5\222\3408\376\0\0\0004\373\347"", 16, MSG_DONTWAIT|MSG_NOSIGNAL, NULL, 0",1
sendto,102,"59, ""\3\0\0\0t\5\222\340:\376\0\0\0004\373\347"", 16, MSG_DONTWAIT|MSG_NOSIGNAL, NULL, 0",1
sendto,102,"59, ""\3\0\0\0t\5\222\340<\376\0\0\0004\373\347"", 16, MSG_DONTWAIT|MSG_NOSIGNAL, NULL, 0",1
sendto,102,"59, ""\3\0\0\0t\5\222\340>\376\0\0\0004\373\347"", 16, MSG_DONTWAIT|MSG_NOSIGNAL, NULL, 0",1
sendto,102,"59, ""\3\0\0\0t\5\222\340@\376\0\0\0004\373\347"", 16, MSG_DONTWAIT|MSG_NOSIGNAL, NULL, 0",1
sendto,102,"59, ""\3\0\0\0t\5\222\340B\376\0\0\0004\373\347"", 16, MSG_DONTWAIT|MSG_NOSIGNAL, NULL, 0",1
sendto,102,"59, ""\3\0\0\0t\5\222\340D\376\0\0\0004\373\347"", 16, MSG_DONTWAIT|MSG_NOSIGNAL, NULL, 0",1
sendto,102,"59, ""\3\0\0\0t\5\222\340F\376\0\0\0004\373\347"", 16, MSG_DONTWAIT|MSG_NOSIGNAL, NULL, 0",1
sendto,102,"59, ""\3\0\0\0t\5\222\340H\376\0\0\0004\373\347"", 16, MSG_DONTWAIT|MSG_NOSIGNAL, NULL, 0",1
sendto,102,"59, ""\3\0\0\0t\5\222\340J\376\0\0\0004\373\347"", 16, MSG_DONTWAIT|MSG_NOSIGNAL, NULL, 0",1
sendto,102,"59, ""\3\0\0\0t\5\222\340L\376\0\0\0004\373\347"", 16, MSG_DONTWAIT|MSG_NOSIGNAL, NULL, 0",1
sendto,102,"59, ""\3\0\0\0t\5\222\340N\376\0\0\0004\373\347"", 16, MSG_DONTWAIT|MSG_NOSIGNAL, NULL, 0",1
sendto,102,"59, ""\3\0\0\0t\5\222\340P\376\0\0\0004\373\347"", 16, MSG_DONTWAIT|MSG_NOSIGNAL, NULL, 0",1
sendto,102,"59, ""\3\0\0\0t\5\222\340R\376\0\0\0004\373\347"", 16, MSG_DONTWAIT|MSG_NOSIGNAL, NULL, 0",1
sendto,102,"59, ""\3\0\0\0t\5\222\340T\376\0\0\0004\373\347"", 16, MSG_DONTWAIT|MSG_NOSIGNAL, NULL, 0",1
sendto,102,"59, ""\3\0\0\0t\5\222\340V\376\0\0\0004\373\347"", 16, MSG_DONTWAIT|MSG_NOSIGNAL, NULL, 0",1
sendto,102,"59, ""\3\0\0\0l\270\221\340e\377\0\0\0\206\20\315"", 16, MSG_DONTWAIT|MSG_NOSIGNAL, NULL, 0",1
sendto,102,"64, ""\1\0\0\0X\324u\23\26\0\0\0\0\0\0\0@\24Ob-\206\0\0\377\377\377\377\1\1\0\0""..., 64, MSG_DONTWAIT|MSG_NOSIGNAL, NULL, 0",1
sendto,102,"59, ""\3\0\0\0\273\303\327\347g\377\0\0\0o\377\347"", 16, MSG_DONTWAIT|MSG_NOSIGNAL, NULL, 0",1
faccessat,5,"AT_FDCWD, ""/data/user/0/com.loblaw.pchealth/shared_prefs/life.league.privacylock.v2_secure.xml"", F_OK",4
faccessat,5,"AT_FDCWD, ""/data/user/0/com.loblaw.pchealth/shared_prefs/mcsdk_94f91f5a-2304-4f38-a27d-c563b5be90d0.xml"", F_OK",1
renameat,4,"AT_FDCWD, ""/data/user/0/com.loblaw.pchealth/shared_prefs/life.league.privacylock.v2_secure.xml"", AT_FDCWD, ""/data/user/0/com.loblaw.pchealth/shared_prefs/life.league.privacylock.v2_secure.xml.bak""",4
fstat64,4,"49, {st_mode=S_IFREG|0600, st_size=0, ...}",4
fsync,4,49,4
fchmodat,4,"AT_FDCWD, ""/data/user/0/com.loblaw.pchealth/shared_prefs/life.league.privacylock.v2_secure.xml"", 0660",4
unlinkat,4,"AT_FDCWD, ""/data/user/0/com.loblaw.pchealth/shared_prefs/life.league.privacylock.v2_secure.xml.bak"", 0",4
